,DebugRVA,DebugSize,Dll,ExportRVA,ExportSize,IATRVA,ImageVersion,LinkerVersion,NumberOfSections,OSVersion,ResSize,StackReserveSize,filename
01899599-8afb-11e7-9ad9-80e65024849a.file,0,0,0,0,0,4096,9,6,3,4,14486,1048576,/home/tejas_patel/NTL/zippedMalware/01899599-8afb-11e7-9ad9-80e65024849a.file
03e5fe9e-8afb-11e7-8197-80e65024849a.file,4656,28,33792,0,0,4096,5,7,3,5,388532,262144,/home/tejas_patel/NTL/zippedMalware/03e5fe9e-8afb-11e7-8197-80e65024849a.file
03fe93e6-a71c-11e6-8434-80e65024849a.file,0,0,33088,0,0,0,0,12,3,5,24548,1048576,/home/tejas_patel/NTL/zippedMalware/03fe93e6-a71c-11e6-8434-80e65024849a.file
048947cf-9d22-11e6-a7d3-80e65024849a.file,0,0,0,0,0,663552,0,6,5,4,25320,1048576,/home/tejas_patel/NTL/zippedMalware/048947cf-9d22-11e6-a7d3-80e65024849a.file
05026a35-9eb3-11e6-9567-80e65024849a.file,152160,28,0,173760,86,151552,0,8,5,4,329156,1048576,/home/tejas_patel/NTL/zippedMalware/05026a35-9eb3-11e6-9567-80e65024849a.file
0509263d-8afb-11e7-af24-80e65024849a.file,0,0,34112,0,0,32768,6,6,5,4,19232,1048576,/home/tejas_patel/NTL/zippedMalware/0509263d-8afb-11e7-af24-80e65024849a.file
05645fb3-9d22-11e6-a127-80e65024849a.file,0,0,34112,0,0,90112,0,11,5,4,19978,1048576,/home/tejas_patel/NTL/zippedMalware/05645fb3-9d22-11e6-a127-80e65024849a.file
069a7e59-8afb-11e7-b2e8-80e65024849a.file,4608,28,32768,0,0,612284,0,10,4,4,3440,1048576,/home/tejas_patel/NTL/zippedMalware/069a7e59-8afb-11e7-b2e8-80e65024849a.file
0703f926-9eb3-11e6-b93a-80e65024849a.file,0,0,32768,0,0,94208,0,9,4,5,4144,1048576,/home/tejas_patel/NTL/zippedMalware/0703f926-9eb3-11e6-b93a-80e65024849a.file
072f8d63-9d22-11e6-a1a7-80e65024849a.file,0,0,33088,0,0,4096,0,10,3,5,708,1048576,/home/tejas_patel/NTL/zippedMalware/072f8d63-9d22-11e6-a1a7-80e65024849a.file
07d9c599-9d22-11e6-9166-80e65024849a.file,0,0,33088,0,0,0,0,12,3,5,24556,1048576,/home/tejas_patel/NTL/zippedMalware/07d9c599-9d22-11e6-9166-80e65024849a.file
086c15b3-9eb3-11e6-9672-80e65024849a.file,0,0,33088,0,0,684032,0,10,5,5,1300,1048576,/home/tejas_patel/NTL/zippedMalware/086c15b3-9eb3-11e6-9672-80e65024849a.file
0acec511-a9a0-11e7-adda-80e65024849a.file,0,0,33024,0,0,53692,0,8,4,4,1888,1048576,/home/tejas_patel/NTL/zippedMalware/0acec511-a9a0-11e7-adda-80e65024849a.file
0af63085-9d22-11e6-a9e9-80e65024849a.file,0,0,0,0,0,733184,0,2,5,5,0,1048576,/home/tejas_patel/NTL/zippedMalware/0af63085-9d22-11e6-a9e9-80e65024849a.file
0d6a12ab-a71c-11e6-82d9-80e65024849a.file,0,0,0,0,0,73748,0,2,4,4,0,1048576,/home/tejas_patel/NTL/zippedMalware/0d6a12ab-a71c-11e6-82d9-80e65024849a.file
0e46a92b-c041-11e6-8370-80e65024849a.file,0,0,0,0,0,28672,0,6,5,4,2096,1048576,/home/tejas_patel/NTL/zippedMalware/0e46a92b-c041-11e6-8370-80e65024849a.file
0ea92447-a71c-11e6-9a56-80e65024849a.file,131072,28,320,0,0,120432,0,11,8,5,940,1048576,/home/tejas_patel/NTL/zippedMalware/0ea92447-a71c-11e6-9a56-80e65024849a.file
0fc29b97-a71c-11e6-b548-80e65024849a.file,0,0,0,0,0,0,0,2,3,4,0,1048576,/home/tejas_patel/NTL/zippedMalware/0fc29b97-a71c-11e6-b548-80e65024849a.file
10048721-9eb3-11e6-8edc-80e65024849a.file,0,0,320,0,0,61440,0,12,5,5,896,1048576,/home/tejas_patel/NTL/zippedMalware/10048721-9eb3-11e6-8edc-80e65024849a.file
103b6f38-a71c-11e6-8c45-80e65024849a.file,0,0,320,0,0,159744,0,10,7,5,13584,1048576,/home/tejas_patel/NTL/zippedMalware/103b6f38-a71c-11e6-8c45-80e65024849a.file
110f0a35-a71c-11e6-896b-80e65024849a.file,0,0,34112,0,0,8192,0,48,3,4,2064,1048576,/home/tejas_patel/NTL/zippedMalware/110f0a35-a71c-11e6-896b-80e65024849a.file
113c6f23-a9a0-11e7-8ee3-80e65024849a.file,0,0,32768,0,0,49152,0,10,4,5,3104,1048576,/home/tejas_patel/NTL/zippedMalware/113c6f23-a9a0-11e7-8ee3-80e65024849a.file
1142d2c2-c041-11e6-acf0-80e65024849a.file,0,0,64,0,0,0,0,8,6,4,4096,1048576,/home/tejas_patel/NTL/zippedMalware/1142d2c2-c041-11e6-acf0-80e65024849a.file
115e06dc-9eb3-11e6-beea-80e65024849a.file,0,0,320,0,0,0,0,12,3,5,900,1048576,/home/tejas_patel/NTL/zippedMalware/115e06dc-9eb3-11e6-beea-80e65024849a.file
11968085-9eb3-11e6-8d68-80e65024849a.file,0,0,1,0,0,0,0,2,3,4,4373,4096,/home/tejas_patel/NTL/zippedMalware/11968085-9eb3-11e6-8d68-80e65024849a.file
11a84dde-a71c-11e6-8aca-80e65024849a.file,0,0,32768,0,0,28672,6,6,5,4,17080,1048576,/home/tejas_patel/NTL/zippedMalware/11a84dde-a71c-11e6-8aca-80e65024849a.file
11b0cd9c-933b-11e7-a93f-80e65024849a.file,0,0,0,0,0,0,0,2,3,4,0,1048576,/home/tejas_patel/NTL/zippedMalware/11b0cd9c-933b-11e7-a93f-80e65024849a.file
11d174c7-933b-11e7-adff-80e65024849a.file,0,0,34112,0,0,32768,6,6,5,4,19232,1048576,/home/tejas_patel/NTL/zippedMalware/11d174c7-933b-11e7-adff-80e65024849a.file
12152aba-9eb3-11e6-ac50-80e65024849a.file,0,0,0,0,0,36864,0,8,4,4,28040,1048576,/home/tejas_patel/NTL/zippedMalware/12152aba-9eb3-11e6-ac50-80e65024849a.file
121b1378-a9a0-11e7-a52d-80e65024849a.file,0,0,32768,0,0,98724,0,5,4,4,3424,1048576,/home/tejas_patel/NTL/zippedMalware/121b1378-a9a0-11e7-a52d-80e65024849a.file
1366b602-c041-11e6-b87f-80e65024849a.file,185120,28,33088,0,0,184320,0,10,5,5,2139704,1048576,/home/tejas_patel/NTL/zippedMalware/1366b602-c041-11e6-b87f-80e65024849a.file
14d0e173-a71c-11e6-afdb-80e65024849a.file,0,0,0,0,0,671744,0,6,5,4,9240,1048576,/home/tejas_patel/NTL/zippedMalware/14d0e173-a71c-11e6-afdb-80e65024849a.file
150a2af5-c041-11e6-bedf-80e65024849a.file,718992,28,33088,0,0,716800,0,9,5,5,3098100,1048576,/home/tejas_patel/NTL/zippedMalware/150a2af5-c041-11e6-bedf-80e65024849a.file
15470d17-a71c-11e6-8b28-80e65024849a.file,118784,28,320,0,0,111692,0,12,9,5,79384,1048576,/home/tejas_patel/NTL/zippedMalware/15470d17-a71c-11e6-8b28-80e65024849a.file
160341e6-933b-11e7-a876-80e65024849a.file,4612,28,0,0,0,58788,0,10,4,5,579872,1048576,/home/tejas_patel/NTL/zippedMalware/160341e6-933b-11e7-a876-80e65024849a.file
16234742-4ee2-11e7-b451-80e65024849a.file,0,0,34112,0,0,32768,6,6,5,4,3712,1048576,/home/tejas_patel/NTL/zippedMalware/16234742-4ee2-11e7-b451-80e65024849a.file
19770063-a71c-11e6-b617-80e65024849a.file,0,0,0,0,0,57344,0,6,4,4,467524,1048576,/home/tejas_patel/NTL/zippedMalware/19770063-a71c-11e6-b617-80e65024849a.file
1a58c6f0-a71c-11e6-bbef-80e65024849a.file,0,0,320,0,0,49152,8,8,6,5,91736,1048576,/home/tejas_patel/NTL/zippedMalware/1a58c6f0-a71c-11e6-bbef-80e65024849a.file
1ade9a0c-a9a0-11e7-8691-80e65024849a.file,682276,28,0,0,0,57344,0,6,4,5,579872,1048576,/home/tejas_patel/NTL/zippedMalware/1ade9a0c-a9a0-11e7-8691-80e65024849a.file
1bc33ffd-a71c-11e6-89a3-80e65024849a.file,0,0,32768,0,0,0,6,2,8,1,11264,1048576,/home/tejas_patel/NTL/zippedMalware/1bc33ffd-a71c-11e6-89a3-80e65024849a.file
1d5ea987-531b-11e7-abf3-80e65024849a.file,0,0,32768,0,0,0,6,2,8,1,9508,1048576,/home/tejas_patel/NTL/zippedMalware/1d5ea987-531b-11e7-abf3-80e65024849a.file
1d6763bd-a71c-11e6-91fd-80e65024849a.file,0,0,33024,0,0,86016,0,9,4,5,9612,1048576,/home/tejas_patel/NTL/zippedMalware/1d6763bd-a71c-11e6-91fd-80e65024849a.file
1e31e019-a71c-11e6-9f92-80e65024849a.file,0,0,0,0,0,73756,0,2,4,4,0,1048576,/home/tejas_patel/NTL/zippedMalware/1e31e019-a71c-11e6-9f92-80e65024849a.file
1e90f668-a9a0-11e7-bfe1-80e65024849a.file,0,0,34112,0,0,8192,0,8,3,4,1824,1048576,/home/tejas_patel/NTL/zippedMalware/1e90f668-a9a0-11e7-bfe1-80e65024849a.file
1eae2238-a71c-11e6-b9f3-80e65024849a.file,0,0,0,0,0,242968,0,2,9,5,124008,1048576,/home/tejas_patel/NTL/zippedMalware/1eae2238-a71c-11e6-b9f3-80e65024849a.file
1f5b2580-564d-11e7-ad7a-80e65024849a.file,0,0,33792,0,0,32768,6,9,5,5,15672,1048576,/home/tejas_patel/NTL/zippedMalware/1f5b2580-564d-11e7-ad7a-80e65024849a.file
2001f55e-a71c-11e6-a986-80e65024849a.file,0,0,0,0,0,733184,0,2,5,5,0,1048576,/home/tejas_patel/NTL/zippedMalware/2001f55e-a71c-11e6-a986-80e65024849a.file
20159d3a-ca8e-11e6-b94b-80e65024849a.file,0,0,0,0,0,36864,0,6,4,4,1240,1048576,/home/tejas_patel/NTL/zippedMalware/20159d3a-ca8e-11e6-b94b-80e65024849a.file
20adcf3a-ca8e-11e6-b0d1-80e65024849a.file,0,0,33792,0,0,28672,6,9,5,5,87496,1048576,/home/tejas_patel/NTL/zippedMalware/20adcf3a-ca8e-11e6-b0d1-80e65024849a.file
219fd1c0-ca8e-11e6-99c4-80e65024849a.file,0,0,4160,0,0,180736,1,2,14,5,19864,2097152,/home/tejas_patel/NTL/zippedMalware/219fd1c0-ca8e-11e6-99c4-80e65024849a.file
21aec5fd-531b-11e7-a43b-80e65024849a.file,0,0,0,0,0,0,0,2,8,4,119296,1048576,/home/tejas_patel/NTL/zippedMalware/21aec5fd-531b-11e7-a43b-80e65024849a.file
21bb6dd4-9757-11e6-a76b-80e65024849a.file,0,0,32768,0,0,36864,6,6,5,4,27088,1048576,/home/tejas_patel/NTL/zippedMalware/21bb6dd4-9757-11e6-a76b-80e65024849a.file
227f7ad1-ca8e-11e6-8115-80e65024849a.file,0,0,33088,0,0,103172,6,2,8,5,157536,1048576,/home/tejas_patel/NTL/zippedMalware/227f7ad1-ca8e-11e6-8115-80e65024849a.file
237f072b-9757-11e6-91cf-80e65024849a.file,0,0,32768,0,0,36864,6,6,5,4,27088,1048576,/home/tejas_patel/NTL/zippedMalware/237f072b-9757-11e6-91cf-80e65024849a.file
23fc4e91-9757-11e6-9435-80e65024849a.file,0,0,4160,0,0,180736,1,2,14,5,19864,2097152,/home/tejas_patel/NTL/zippedMalware/23fc4e91-9757-11e6-9435-80e65024849a.file
2462f951-ca8e-11e6-9f3e-80e65024849a.file,0,0,0,0,0,0,1,6,3,4,26924,1048576,/home/tejas_patel/NTL/zippedMalware/2462f951-ca8e-11e6-9f3e-80e65024849a.file
24852770-564d-11e7-9dd0-80e65024849a.file,0,0,0,0,0,20480,4,5,4,4,466576,1048576,/home/tejas_patel/NTL/zippedMalware/24852770-564d-11e7-9dd0-80e65024849a.file
252e2d38-77be-11e7-8132-80e65024849a.file,8912,28,34112,0,0,8192,0,14,4,5,0,1048576,/home/tejas_patel/NTL/zippedMalware/252e2d38-77be-11e7-8132-80e65024849a.file
25f118a1-a71c-11e6-8d0f-80e65024849a.file,0,0,34112,0,0,32768,6,10,6,5,27245,1048576,/home/tejas_patel/NTL/zippedMalware/25f118a1-a71c-11e6-8d0f-80e65024849a.file
26079870-77be-11e7-b47e-80e65024849a.file,0,0,0,0,0,0,0,2,10,4,286208,1048576,/home/tejas_patel/NTL/zippedMalware/26079870-77be-11e7-b47e-80e65024849a.file
26678fa8-a71c-11e6-8e63-80e65024849a.file,0,0,34112,0,0,32768,6,10,6,5,27245,1048576,/home/tejas_patel/NTL/zippedMalware/26678fa8-a71c-11e6-8e63-80e65024849a.file
268ade0f-a71c-11e6-b274-80e65024849a.file,0,0,320,0,0,159744,0,10,7,5,13720,1048576,/home/tejas_patel/NTL/zippedMalware/268ade0f-a71c-11e6-b274-80e65024849a.file
272d1582-564d-11e7-9d6f-80e65024849a.file,0,0,32768,0,0,28672,6,6,5,4,21664,1048576,/home/tejas_patel/NTL/zippedMalware/272d1582-564d-11e7-9d6f-80e65024849a.file
2732a987-77be-11e7-8d54-80e65024849a.file,0,0,0,0,0,4096,1,6,3,4,2304,1048576,/home/tejas_patel/NTL/zippedMalware/2732a987-77be-11e7-8d54-80e65024849a.file
277f3a61-afb8-11e6-82c1-80e65024849a.file,118784,28,320,0,0,111692,0,12,9,5,79384,1048576,/home/tejas_patel/NTL/zippedMalware/277f3a61-afb8-11e6-82c1-80e65024849a.file
27af7f57-a71c-11e6-b556-80e65024849a.file,0,0,0,0,0,270336,0,7,4,4,0,1048576,/home/tejas_patel/NTL/zippedMalware/27af7f57-a71c-11e6-b556-80e65024849a.file
288ca480-564d-11e7-9bf9-80e65024849a.file,0,0,32768,0,0,103164,6,2,8,5,75008,1048576,/home/tejas_patel/NTL/zippedMalware/288ca480-564d-11e7-9bf9-80e65024849a.file
29e94d3a-77be-11e7-9300-80e65024849a.file,0,0,0,0,0,127584,1,2,9,4,1479216,2097152,/home/tejas_patel/NTL/zippedMalware/29e94d3a-77be-11e7-9300-80e65024849a.file
2a100c5c-afb8-11e6-bfe0-80e65024849a.file,0,0,33056,0,0,102400,0,9,6,5,81240,1048576,/home/tejas_patel/NTL/zippedMalware/2a100c5c-afb8-11e6-bfe0-80e65024849a.file
2ab91cd1-afb8-11e6-956e-80e65024849a.file,1771488,28,33088,0,0,1765376,0,10,5,5,1088,1048576,/home/tejas_patel/NTL/zippedMalware/2ab91cd1-afb8-11e6-956e-80e65024849a.file
2c8489a1-afb8-11e6-af7d-80e65024849a.file,0,0,32768,0,0,28672,6,6,5,4,19240,1048576,/home/tejas_patel/NTL/zippedMalware/2c8489a1-afb8-11e6-af7d-80e65024849a.file
2d47daee-afb8-11e6-b811-80e65024849a.file,0,0,33024,0,0,86016,0,9,4,5,9612,1048576,/home/tejas_patel/NTL/zippedMalware/2d47daee-afb8-11e6-b811-80e65024849a.file
2d4ff10a-564d-11e7-8d4b-80e65024849a.file,0,0,32768,0,0,32768,6,6,5,4,1736,1048576,/home/tejas_patel/NTL/zippedMalware/2d4ff10a-564d-11e7-8d4b-80e65024849a.file
2d8494f5-9757-11e6-87d6-80e65024849a.file,0,0,320,0,0,61440,0,12,5,5,896,1048576,/home/tejas_patel/NTL/zippedMalware/2d8494f5-9757-11e6-87d6-80e65024849a.file
2d8dd042-ca8e-11e6-aa9a-80e65024849a.file,0,0,1,0,0,0,0,2,3,4,4373,4096,/home/tejas_patel/NTL/zippedMalware/2d8dd042-ca8e-11e6-aa9a-80e65024849a.file
2eac5e4c-afb8-11e6-83f8-80e65024849a.file,0,0,0,0,0,73756,0,2,4,4,0,1048576,/home/tejas_patel/NTL/zippedMalware/2eac5e4c-afb8-11e6-83f8-80e65024849a.file
2ec15623-9757-11e6-960e-80e65024849a.file,0,0,320,0,0,0,0,12,3,5,900,1048576,/home/tejas_patel/NTL/zippedMalware/2ec15623-9757-11e6-960e-80e65024849a.file
2f2a9642-afb8-11e6-9493-80e65024849a.file,0,0,0,0,0,733184,0,2,5,5,0,1048576,/home/tejas_patel/NTL/zippedMalware/2f2a9642-afb8-11e6-9493-80e65024849a.file
2f8e794a-4ffa-11e7-b813-80e65024849a.file,0,0,0,0,0,0,0,2,8,4,119296,1048576,/home/tejas_patel/NTL/zippedMalware/2f8e794a-4ffa-11e7-b813-80e65024849a.file
2fb8a730-9757-11e6-a7d7-80e65024849a.file,0,0,33792,0,0,28672,6,9,5,5,16632,1048576,/home/tejas_patel/NTL/zippedMalware/2fb8a730-9757-11e6-a7d7-80e65024849a.file
2fe6c6dc-9c08-11e6-8003-80e65024849a.file,0,0,0,0,0,0,0,2,8,1,45716,1048576,/home/tejas_patel/NTL/zippedMalware/2fe6c6dc-9c08-11e6-8003-80e65024849a.file
3173be47-9757-11e6-933f-80e65024849a.file,0,0,0,0,0,73748,0,2,4,4,0,1048576,/home/tejas_patel/NTL/zippedMalware/3173be47-9757-11e6-933f-80e65024849a.file
31ecf9cf-8767-11e7-aa61-80e65024849a.file,0,0,32768,0,0,0,0,14,3,5,2488,1048576,/home/tejas_patel/NTL/zippedMalware/31ecf9cf-8767-11e7-aa61-80e65024849a.file
326622d1-9b67-11e6-86b4-80e65024849a.file,0,0,0,0,0,106496,0,8,4,4,101740,1048576,/home/tejas_patel/NTL/zippedMalware/326622d1-9b67-11e6-86b4-80e65024849a.file
32d8f151-9757-11e6-98d2-80e65024849a.file,131072,28,320,0,0,120432,0,11,8,5,940,1048576,/home/tejas_patel/NTL/zippedMalware/32d8f151-9757-11e6-98d2-80e65024849a.file
33da384c-9757-11e6-a719-80e65024849a.file,0,0,34112,0,0,8192,0,8,3,4,728,1048576,/home/tejas_patel/NTL/zippedMalware/33da384c-9757-11e6-a719-80e65024849a.file
33f1792b-afb8-11e6-bc1f-80e65024849a.file,0,0,32768,0,0,28672,6,6,5,4,9712,1048576,/home/tejas_patel/NTL/zippedMalware/33f1792b-afb8-11e6-bc1f-80e65024849a.file
3469926b-9757-11e6-9208-80e65024849a.file,0,0,32768,0,0,28672,6,6,5,4,16456,1048576,/home/tejas_patel/NTL/zippedMalware/3469926b-9757-11e6-9208-80e65024849a.file
346cae23-8767-11e7-a829-80e65024849a.file,614404,28,32768,0,0,608176,0,5,4,4,12400,1048576,/home/tejas_patel/NTL/zippedMalware/346cae23-8767-11e7-a829-80e65024849a.file
3595ea87-c041-11e6-85e3-80e65024849a.file,0,0,4160,0,0,180736,1,2,14,5,19864,2097152,/home/tejas_patel/NTL/zippedMalware/3595ea87-c041-11e6-85e3-80e65024849a.file
3641af8c-9757-11e6-8be3-80e65024849a.file,0,0,32768,0,0,0,6,2,7,4,17552,2097152,/home/tejas_patel/NTL/zippedMalware/3641af8c-9757-11e6-8be3-80e65024849a.file
3667d01c-8767-11e7-9d55-80e65024849a.file,614404,28,32768,0,0,608176,0,5,4,4,12400,1048576,/home/tejas_patel/NTL/zippedMalware/3667d01c-8767-11e7-9d55-80e65024849a.file
36b50147-9757-11e6-98bb-80e65024849a.file,0,0,0,0,0,32768,0,6,5,4,16592,1048576,/home/tejas_patel/NTL/zippedMalware/36b50147-9757-11e6-98bb-80e65024849a.file
37726a21-aa57-11e6-a9ca-80e65024849a.file,0,0,0,0,0,73748,0,2,4,4,0,1048576,/home/tejas_patel/NTL/zippedMalware/37726a21-aa57-11e6-a9ca-80e65024849a.file
38a95907-aa57-11e6-a38c-80e65024849a.file,131072,28,320,0,0,120432,0,11,8,5,940,1048576,/home/tejas_patel/NTL/zippedMalware/38a95907-aa57-11e6-a38c-80e65024849a.file
3904290a-c041-11e6-ba8b-80e65024849a.file,0,0,0,0,0,189864,0,2,9,5,178688,1048576,/home/tejas_patel/NTL/zippedMalware/3904290a-c041-11e6-ba8b-80e65024849a.file
390dbd33-b08b-11e6-ad2e-80e65024849a.file,0,0,320,0,0,61440,0,12,5,5,896,1048576,/home/tejas_patel/NTL/zippedMalware/390dbd33-b08b-11e6-ad2e-80e65024849a.file
39c078c5-aa57-11e6-8082-80e65024849a.file,0,0,32768,0,0,36864,6,6,5,4,170696,1048576,/home/tejas_patel/NTL/zippedMalware/39c078c5-aa57-11e6-8082-80e65024849a.file
3a6a4fa3-b08b-11e6-a646-80e65024849a.file,0,0,320,0,0,0,0,12,3,5,900,1048576,/home/tejas_patel/NTL/zippedMalware/3a6a4fa3-b08b-11e6-a646-80e65024849a.file
3a9c2a82-9757-11e6-b0c2-80e65024849a.file,0,0,34112,0,0,8192,0,48,3,4,2064,1048576,/home/tejas_patel/NTL/zippedMalware/3a9c2a82-9757-11e6-b0c2-80e65024849a.file
3b30f811-9757-11e6-8e06-80e65024849a.file,0,0,0,0,0,663552,0,6,5,4,25320,1048576,/home/tejas_patel/NTL/zippedMalware/3b30f811-9757-11e6-8e06-80e65024849a.file
3c70c773-afb8-11e6-9da9-80e65024849a.file,0,0,0,2490549567,0,24576,0,8,9,4,0,1048576,/home/tejas_patel/NTL/zippedMalware/3c70c773-afb8-11e6-9da9-80e65024849a.file
3ced4f82-9757-11e6-8572-80e65024849a.file,0,0,34112,0,0,90112,0,11,5,4,19978,1048576,/home/tejas_patel/NTL/zippedMalware/3ced4f82-9757-11e6-8572-80e65024849a.file
3df46b97-4ffa-11e7-abba-80e65024849a.file,0,0,33088,0,0,0,0,12,3,5,24628,1048576,/home/tejas_patel/NTL/zippedMalware/3df46b97-4ffa-11e7-abba-80e65024849a.file
3e105228-aa57-11e6-9eae-80e65024849a.file,6844,28,0,0,0,4096,5,7,3,5,4816,1048576,/home/tejas_patel/NTL/zippedMalware/3e105228-aa57-11e6-9eae-80e65024849a.file
3e78d4c0-9eb2-11e6-a9ea-80e65024849a.file,0,0,33792,0,0,32768,6,8,5,4,27056,1048576,/home/tejas_patel/NTL/zippedMalware/3e78d4c0-9eb2-11e6-a9ea-80e65024849a.file
3e8acceb-5260-11e7-9017-80e65024849a.file,0,0,0,0,0,0,0,2,8,4,119296,1048576,/home/tejas_patel/NTL/zippedMalware/3e8acceb-5260-11e7-9017-80e65024849a.file
3f3b6b91-9c08-11e6-9b96-80e65024849a.file,0,0,33088,0,0,684032,0,10,5,5,1300,1048576,/home/tejas_patel/NTL/zippedMalware/3f3b6b91-9c08-11e6-9b96-80e65024849a.file
3f67e88c-afb8-11e6-bcf9-80e65024849a.file,0,0,0,0,0,77996,0,4,5,4,25740,1048576,/home/tejas_patel/NTL/zippedMalware/3f67e88c-afb8-11e6-bcf9-80e65024849a.file
40346082-aa57-11e6-bc24-80e65024849a.file,111040,28,32768,0,0,110592,0,9,4,5,47332,1048576,/home/tejas_patel/NTL/zippedMalware/40346082-aa57-11e6-bc24-80e65024849a.file
403f8d7a-9c08-11e6-b84e-80e65024849a.file,0,0,34112,0,0,8192,0,48,3,4,2064,1048576,/home/tejas_patel/NTL/zippedMalware/403f8d7a-9c08-11e6-b84e-80e65024849a.file
40baf14f-9757-11e6-bc7c-80e65024849a.file,0,0,0,0,0,0,0,2,12,5,41472,1048576,/home/tejas_patel/NTL/zippedMalware/40baf14f-9757-11e6-bc7c-80e65024849a.file
412b0e57-531b-11e7-9fd5-80e65024849a.file,0,0,33088,0,0,0,0,12,3,5,24628,1048576,/home/tejas_patel/NTL/zippedMalware/412b0e57-531b-11e7-9fd5-80e65024849a.file
417863c7-aa57-11e6-91b8-80e65024849a.file,0,0,0,0,0,4096,1,6,3,4,2256,1048576,/home/tejas_patel/NTL/zippedMalware/417863c7-aa57-11e6-91b8-80e65024849a.file
42f70aba-9b67-11e6-b54e-80e65024849a.file,0,0,0,0,0,45972,0,6,6,4,2016,1048576,/home/tejas_patel/NTL/zippedMalware/42f70aba-9b67-11e6-b54e-80e65024849a.file
442c6ef3-9757-11e6-9bd5-80e65024849a.file,0,0,32768,0,0,36864,6,6,5,4,27040,1048576,/home/tejas_patel/NTL/zippedMalware/442c6ef3-9757-11e6-9bd5-80e65024849a.file
463ec0fa-b08b-11e6-8534-80e65024849a.file,0,0,32768,0,0,28672,6,6,5,4,37984,1048576,/home/tejas_patel/NTL/zippedMalware/463ec0fa-b08b-11e6-8534-80e65024849a.file
464ab7d1-afb8-11e6-ba25-80e65024849a.file,0,0,0,0,0,65536,0,6,4,4,2656,1048576,/home/tejas_patel/NTL/zippedMalware/464ab7d1-afb8-11e6-ba25-80e65024849a.file
472ad4c7-9c08-11e6-8f84-80e65024849a.file,0,0,33024,0,0,393216,0,9,7,5,21352,1048576,/home/tejas_patel/NTL/zippedMalware/472ad4c7-9c08-11e6-8f84-80e65024849a.file
473ee9f3-afb8-11e6-bfff-80e65024849a.file,0,0,34112,0,0,32768,6,6,5,4,20216,1048576,/home/tejas_patel/NTL/zippedMalware/473ee9f3-afb8-11e6-bfff-80e65024849a.file
48662319-afb8-11e6-9293-80e65024849a.file,0,0,0,0,0,73748,0,2,4,4,0,1048576,/home/tejas_patel/NTL/zippedMalware/48662319-afb8-11e6-9293-80e65024849a.file
49336533-afb8-11e6-90af-80e65024849a.file,131072,28,320,0,0,120432,0,11,8,5,940,1048576,/home/tejas_patel/NTL/zippedMalware/49336533-afb8-11e6-90af-80e65024849a.file
49517773-b08b-11e6-a404-80e65024849a.file,0,0,0,0,0,24576,0,6,4,4,38552,1048576,/home/tejas_patel/NTL/zippedMalware/49517773-b08b-11e6-a404-80e65024849a.file
4960444c-9eb2-11e6-825a-80e65024849a.file,0,0,32768,0,0,36864,6,6,5,4,27088,1048576,/home/tejas_patel/NTL/zippedMalware/4960444c-9eb2-11e6-825a-80e65024849a.file
49683f0a-9c08-11e6-b6be-80e65024849a.file,0,0,0,0,0,663552,0,6,5,4,25320,1048576,/home/tejas_patel/NTL/zippedMalware/49683f0a-9c08-11e6-b6be-80e65024849a.file
4a740c3a-9c08-11e6-ae27-80e65024849a.file,0,0,34112,0,0,90112,0,11,5,4,19978,1048576,/home/tejas_patel/NTL/zippedMalware/4a740c3a-9c08-11e6-ae27-80e65024849a.file
4bdf013a-b08b-11e6-8191-80e65024849a.file,0,0,32768,0,0,0,0,2,8,1,10752,1048576,/home/tejas_patel/NTL/zippedMalware/4bdf013a-b08b-11e6-8191-80e65024849a.file
4bea89ae-99fb-11e6-afab-80e65024849a.file,0,0,32768,0,0,77824,0,9,6,5,448,1048576,/home/tejas_patel/NTL/zippedMalware/4bea89ae-99fb-11e6-afab-80e65024849a.file
4bff1e63-9c08-11e6-a1da-80e65024849a.file,0,0,33088,0,0,4096,0,10,3,5,708,1048576,/home/tejas_patel/NTL/zippedMalware/4bff1e63-9c08-11e6-a1da-80e65024849a.file
4d6a2687-9c08-11e6-9865-80e65024849a.file,0,0,32768,0,0,36864,6,6,5,4,27040,1048576,/home/tejas_patel/NTL/zippedMalware/4d6a2687-9c08-11e6-9865-80e65024849a.file
4d7297dc-99fb-11e6-9fa8-80e65024849a.file,0,0,32768,0,0,36864,6,6,5,4,27088,1048576,/home/tejas_patel/NTL/zippedMalware/4d7297dc-99fb-11e6-9fa8-80e65024849a.file
4e15572b-afb8-11e6-bab1-80e65024849a.file,0,0,0,0,0,0,1,2,6,4,23596,2097152,/home/tejas_patel/NTL/zippedMalware/4e15572b-afb8-11e6-bab1-80e65024849a.file
4ea773a6-9757-11e6-813d-80e65024849a.file,0,0,0,0,0,733184,0,2,5,5,0,1048576,/home/tejas_patel/NTL/zippedMalware/4ea773a6-9757-11e6-813d-80e65024849a.file
4f49d426-99fb-11e6-b08f-80e65024849a.file,0,0,32768,0,0,36864,6,6,5,4,27088,1048576,/home/tejas_patel/NTL/zippedMalware/4f49d426-99fb-11e6-b08f-80e65024849a.file
4ffe288f-99fb-11e6-aee0-80e65024849a.file,0,0,0,0,0,0,0,6,4,4,0,1048576,/home/tejas_patel/NTL/zippedMalware/4ffe288f-99fb-11e6-aee0-80e65024849a.file
51979878-b08b-11e6-9ed8-80e65024849a.file,0,0,33056,0,0,102400,0,9,6,5,81240,1048576,/home/tejas_patel/NTL/zippedMalware/51979878-b08b-11e6-9ed8-80e65024849a.file
524b8b38-a71c-11e6-8b3d-80e65024849a.file,18176,241,33024,0,0,24576,0,12,8,4,4024,1048576,/home/tejas_patel/NTL/zippedMalware/524b8b38-a71c-11e6-8b3d-80e65024849a.file
528e5cdc-b08b-11e6-a57e-80e65024849a.file,1771488,28,33088,0,0,1765376,0,10,5,5,1088,1048576,/home/tejas_patel/NTL/zippedMalware/528e5cdc-b08b-11e6-a57e-80e65024849a.file
52dec528-9757-11e6-980a-80e65024849a.file,0,0,32768,0,0,28672,6,6,5,4,16752,1048576,/home/tejas_patel/NTL/zippedMalware/52dec528-9757-11e6-980a-80e65024849a.file
537ac4eb-afb8-11e6-8924-80e65024849a.file,0,0,32768,0,0,36864,6,6,5,4,170696,1048576,/home/tejas_patel/NTL/zippedMalware/537ac4eb-afb8-11e6-8924-80e65024849a.file
541fe1a3-b08b-11e6-8212-80e65024849a.file,0,0,32768,0,0,28672,6,6,5,4,19240,1048576,/home/tejas_patel/NTL/zippedMalware/541fe1a3-b08b-11e6-8212-80e65024849a.file
5513a5b5-4ffa-11e7-bb27-80e65024849a.file,0,0,33024,0,0,0,0,10,3,4,154992,1048576,/home/tejas_patel/NTL/zippedMalware/5513a5b5-4ffa-11e7-bb27-80e65024849a.file
554eda8a-b08b-11e6-978e-80e65024849a.file,0,0,33024,0,0,86016,0,9,4,5,9612,1048576,/home/tejas_patel/NTL/zippedMalware/554eda8a-b08b-11e6-978e-80e65024849a.file
5603a597-9757-11e6-aefb-80e65024849a.file,0,0,0,0,0,118784,0,9,6,5,51944,1048576,/home/tejas_patel/NTL/zippedMalware/5603a597-9757-11e6-aefb-80e65024849a.file
5692a2bd-b08b-11e6-8d37-80e65024849a.file,0,0,0,0,0,73756,0,2,4,4,0,1048576,/home/tejas_patel/NTL/zippedMalware/5692a2bd-b08b-11e6-8d37-80e65024849a.file
570d5fc0-aa57-11e6-927e-80e65024849a.file,4256,28,49472,0,0,40960,6,11,5,6,1146060,262144,/home/tejas_patel/NTL/zippedMalware/570d5fc0-aa57-11e6-927e-80e65024849a.file
575d2cc7-b08b-11e6-8c56-80e65024849a.file,0,0,0,0,0,733184,0,2,5,5,0,1048576,/home/tejas_patel/NTL/zippedMalware/575d2cc7-b08b-11e6-8c56-80e65024849a.file
58e15794-9c08-11e6-a878-80e65024849a.file,0,0,0,0,0,733184,0,2,5,5,0,1048576,/home/tejas_patel/NTL/zippedMalware/58e15794-9c08-11e6-a878-80e65024849a.file
59e62ca1-9018-11e7-bd91-80e65024849a.file,4612,28,0,0,0,71536,0,14,4,5,567584,1048576,/home/tejas_patel/NTL/zippedMalware/59e62ca1-9018-11e7-bd91-80e65024849a.file
5cfa1880-4ffa-11e7-b3b8-80e65024849a.file,0,0,33088,0,0,103172,6,2,8,5,157536,1048576,/home/tejas_patel/NTL/zippedMalware/5cfa1880-4ffa-11e7-b3b8-80e65024849a.file
5d1094a8-9c08-11e6-86b5-80e65024849a.file,70064,56,33088,0,0,69632,0,12,5,5,3680,1048576,/home/tejas_patel/NTL/zippedMalware/5d1094a8-9c08-11e6-86b5-80e65024849a.file
5d416b8a-531b-11e7-a4c3-80e65024849a.file,0,0,33024,0,0,0,0,10,3,4,154992,1048576,/home/tejas_patel/NTL/zippedMalware/5d416b8a-531b-11e7-a4c3-80e65024849a.file
5d94460c-5260-11e7-854f-80e65024849a.file,0,0,33088,0,0,0,0,12,3,5,24628,1048576,/home/tejas_patel/NTL/zippedMalware/5d94460c-5260-11e7-854f-80e65024849a.file
5dacab8f-9c08-11e6-8c25-80e65024849a.file,341200,28,32832,0,0,339968,0,11,6,5,30200,1048576,/home/tejas_patel/NTL/zippedMalware/5dacab8f-9c08-11e6-8c25-80e65024849a.file
5e13c423-9eb2-11e6-9c5f-80e65024849a.file,0,0,0,0,0,73748,0,2,4,4,0,1048576,/home/tejas_patel/NTL/zippedMalware/5e13c423-9eb2-11e6-9c5f-80e65024849a.file
5ecd860c-b5b0-11e6-ab6d-80e65024849a.file,0,0,320,0,0,61440,0,12,5,5,896,1048576,/home/tejas_patel/NTL/zippedMalware/5ecd860c-b5b0-11e6-ab6d-80e65024849a.file
5f503aa1-9eb2-11e6-9931-80e65024849a.file,131072,28,320,0,0,120432,0,11,8,5,940,1048576,/home/tejas_patel/NTL/zippedMalware/5f503aa1-9eb2-11e6-9931-80e65024849a.file
606fa087-9eb2-11e6-b449-80e65024849a.file,0,0,34112,0,0,8192,0,48,3,4,2064,1048576,/home/tejas_patel/NTL/zippedMalware/606fa087-9eb2-11e6-b449-80e65024849a.file
60bb4b38-ca8f-11e6-b577-80e65024849a.file,0,0,0,0,0,4096,1,6,3,4,55056,1048576,/home/tejas_patel/NTL/zippedMalware/60bb4b38-ca8f-11e6-b577-80e65024849a.file
60d66861-b5b0-11e6-b4ac-80e65024849a.file,0,0,320,0,0,0,0,12,3,5,900,1048576,/home/tejas_patel/NTL/zippedMalware/60d66861-b5b0-11e6-b4ac-80e65024849a.file
610f3966-9eb2-11e6-b541-80e65024849a.file,0,0,33088,0,0,0,0,9,4,5,110676,3000000,/home/tejas_patel/NTL/zippedMalware/610f3966-9eb2-11e6-b541-80e65024849a.file
61711763-531b-11e7-9ac1-80e65024849a.file,0,0,33088,0,0,103172,6,2,8,5,157536,1048576,/home/tejas_patel/NTL/zippedMalware/61711763-531b-11e7-9ac1-80e65024849a.file
62d866c0-9eb2-11e6-a41c-80e65024849a.file,0,0,0,0,0,77824,0,6,4,4,23088,1048576,/home/tejas_patel/NTL/zippedMalware/62d866c0-9eb2-11e6-a41c-80e65024849a.file
63fc6785-9eb2-11e6-bdce-80e65024849a.file,0,0,34112,0,0,90112,0,11,5,4,19978,1048576,/home/tejas_patel/NTL/zippedMalware/63fc6785-9eb2-11e6-bdce-80e65024849a.file
65153d47-9c08-11e6-b0e3-80e65024849a.file,0,0,0,0,0,45972,0,6,6,4,2016,1048576,/home/tejas_patel/NTL/zippedMalware/65153d47-9c08-11e6-b0e3-80e65024849a.file
65231fc5-9eb2-11e6-bd0a-80e65024849a.file,0,0,32768,0,0,0,0,8,3,4,300868,4194304,/home/tejas_patel/NTL/zippedMalware/65231fc5-9eb2-11e6-bd0a-80e65024849a.file
6572fefd-4c81-11e7-97b0-80e65024849a.file,0,0,33024,0,0,0,0,10,3,4,154992,1048576,/home/tejas_patel/NTL/zippedMalware/6572fefd-4c81-11e7-97b0-80e65024849a.file
677f9828-b08b-11e6-aa5a-80e65024849a.file,0,0,34112,0,0,32768,6,6,5,4,20216,1048576,/home/tejas_patel/NTL/zippedMalware/677f9828-b08b-11e6-aa5a-80e65024849a.file
68be8a7d-9eb2-11e6-9d09-80e65024849a.file,118784,28,320,0,0,111692,0,12,9,5,79384,1048576,/home/tejas_patel/NTL/zippedMalware/68be8a7d-9eb2-11e6-9d09-80e65024849a.file
68dbb7d4-4c81-11e7-a676-80e65024849a.file,0,0,33088,0,0,103172,6,2,8,5,157536,1048576,/home/tejas_patel/NTL/zippedMalware/68dbb7d4-4c81-11e7-a676-80e65024849a.file
691b8bba-b08b-11e6-a397-80e65024849a.file,0,0,0,0,0,73748,0,2,4,4,0,1048576,/home/tejas_patel/NTL/zippedMalware/691b8bba-b08b-11e6-a397-80e65024849a.file
6965df68-9eb2-11e6-93ee-80e65024849a.file,0,0,0,0,0,0,0,2,8,1,10240,1048576,/home/tejas_patel/NTL/zippedMalware/6965df68-9eb2-11e6-93ee-80e65024849a.file
6975e5a3-9018-11e7-a396-80e65024849a.file,12500,28,34112,0,0,8192,0,48,3,4,1620,1048576,/home/tejas_patel/NTL/zippedMalware/6975e5a3-9018-11e7-a396-80e65024849a.file
6a3a1823-b08b-11e6-8d96-80e65024849a.file,131072,28,320,0,0,120432,0,11,8,5,940,1048576,/home/tejas_patel/NTL/zippedMalware/6a3a1823-b08b-11e6-8d96-80e65024849a.file
6a67a0c7-b5b0-11e6-8921-80e65024849a.file,0,0,32768,0,0,28672,6,6,5,4,22632,1048576,/home/tejas_patel/NTL/zippedMalware/6a67a0c7-b5b0-11e6-8921-80e65024849a.file
6a932e75-9c08-11e6-8c1b-80e65024849a.file,0,0,32768,0,0,176128,0,9,5,5,448,1048576,/home/tejas_patel/NTL/zippedMalware/6a932e75-9c08-11e6-8c1b-80e65024849a.file
6ac4fb66-aa57-11e6-8409-80e65024849a.file,118784,28,320,0,0,111692,0,12,9,5,79384,1048576,/home/tejas_patel/NTL/zippedMalware/6ac4fb66-aa57-11e6-8409-80e65024849a.file
6b71dd54-9d20-11e6-8b12-80e65024849a.file,0,0,0,0,0,0,1,6,3,4,26924,1048576,/home/tejas_patel/NTL/zippedMalware/6b71dd54-9d20-11e6-8b12-80e65024849a.file
6bb206c5-b08b-11e6-93ba-80e65024849a.file,0,0,32768,0,0,36864,6,6,5,4,170696,1048576,/home/tejas_patel/NTL/zippedMalware/6bb206c5-b08b-11e6-93ba-80e65024849a.file
6ca103f5-9eb2-11e6-bcb9-80e65024849a.file,0,0,32768,0,0,28672,6,6,5,4,4928,1048576,/home/tejas_patel/NTL/zippedMalware/6ca103f5-9eb2-11e6-bcb9-80e65024849a.file
6de41a59-9757-11e6-9622-80e65024849a.file,0,0,0,0,0,4096,2,6,3,4,2380,1048576,/home/tejas_patel/NTL/zippedMalware/6de41a59-9757-11e6-9622-80e65024849a.file
6e611ff8-9757-11e6-8818-80e65024849a.file,0,0,0,0,0,0,0,2,8,4,119296,1048576,/home/tejas_patel/NTL/zippedMalware/6e611ff8-9757-11e6-8818-80e65024849a.file
6ea85117-aea8-11e7-8b77-80e65024849a.file,0,0,0,0,0,0,0,8,6,4,2792,1048576,/home/tejas_patel/NTL/6ea85117-aea8-11e7-8b77-80e65024849a.file
6ecd62c0-9c08-11e6-a01d-80e65024849a.file,0,0,32768,0,0,36864,6,6,5,4,27088,1048576,/home/tejas_patel/NTL/zippedMalware/6ecd62c0-9c08-11e6-a01d-80e65024849a.file
6f286151-9d20-11e6-a43f-80e65024849a.file,0,0,320,0,0,61440,0,12,5,5,896,1048576,/home/tejas_patel/NTL/zippedMalware/6f286151-9d20-11e6-a43f-80e65024849a.file
7070fa6b-9c08-11e6-84f4-80e65024849a.file,0,0,32768,0,0,0,0,9,3,5,1076,1048576,/home/tejas_patel/NTL/zippedMalware/7070fa6b-9c08-11e6-84f4-80e65024849a.file
7146591e-b08b-11e6-86c6-80e65024849a.file,118784,28,320,0,0,111692,0,12,9,5,79384,1048576,/home/tejas_patel/NTL/zippedMalware/7146591e-b08b-11e6-86c6-80e65024849a.file
7149b61e-9d20-11e6-812d-80e65024849a.file,0,0,0,0,0,181656,0,2,9,5,62464,1048576,/home/tejas_patel/NTL/zippedMalware/7149b61e-9d20-11e6-812d-80e65024849a.file
7205760f-531b-11e7-91af-80e65024849a.file,0,0,34112,0,0,32768,6,6,5,4,3560,1048576,/home/tejas_patel/NTL/zippedMalware/7205760f-531b-11e7-91af-80e65024849a.file
74569bf8-9c08-11e6-812c-80e65024849a.file,0,0,4160,0,0,180736,1,2,14,5,19864,2097152,/home/tejas_patel/NTL/zippedMalware/74569bf8-9c08-11e6-812c-80e65024849a.file
74572b6b-b5b0-11e6-afef-80e65024849a.file,0,0,34112,0,0,32768,6,6,5,4,18024,1048576,/home/tejas_patel/NTL/zippedMalware/74572b6b-b5b0-11e6-afef-80e65024849a.file
74c11e57-9c08-11e6-8f29-80e65024849a.file,0,0,32768,0,0,0,6,2,8,1,11264,1048576,/home/tejas_patel/NTL/zippedMalware/74c11e57-9c08-11e6-8f29-80e65024849a.file
765dce33-b5b0-11e6-858a-80e65024849a.file,353184,28,33024,0,0,352256,0,9,5,5,96236,1048576,/home/tejas_patel/NTL/zippedMalware/765dce33-b5b0-11e6-858a-80e65024849a.file
77d6ce87-5260-11e7-970b-80e65024849a.file,0,0,33024,0,0,0,0,10,3,4,154992,1048576,/home/tejas_patel/NTL/zippedMalware/77d6ce87-5260-11e7-970b-80e65024849a.file
792b1a70-aa57-11e6-81db-80e65024849a.file,0,0,0,0,0,57344,0,6,4,4,467524,1048576,/home/tejas_patel/NTL/zippedMalware/792b1a70-aa57-11e6-81db-80e65024849a.file
7ac985ba-aa57-11e6-9184-80e65024849a.file,0,0,32768,0,0,28672,6,6,5,4,19240,1048576,/home/tejas_patel/NTL/zippedMalware/7ac985ba-aa57-11e6-9184-80e65024849a.file
7c714f02-5260-11e7-b80f-80e65024849a.file,0,0,33088,0,0,103172,6,2,8,5,157536,1048576,/home/tejas_patel/NTL/zippedMalware/7c714f02-5260-11e7-b80f-80e65024849a.file
7ca42c78-aa57-11e6-b51c-80e65024849a.file,0,0,32768,0,0,28672,6,6,5,4,17080,1048576,/home/tejas_patel/NTL/zippedMalware/7ca42c78-aa57-11e6-b51c-80e65024849a.file
7d3e9519-8832-11e7-ac40-80e65024849a.file,0,0,32768,0,0,0,0,14,3,5,2488,1048576,/home/tejas_patel/NTL/zippedMalware/7d3e9519-8832-11e7-ac40-80e65024849a.file
7da0cd33-b5b0-11e6-8ca9-80e65024849a.file,0,0,34112,0,0,8192,0,8,3,4,9820,1048576,/home/tejas_patel/NTL/zippedMalware/7da0cd33-b5b0-11e6-8ca9-80e65024849a.file
8056bfb5-9c08-11e6-aadd-80e65024849a.file,0,0,320,0,0,61440,0,12,5,5,896,1048576,/home/tejas_patel/NTL/zippedMalware/8056bfb5-9c08-11e6-aadd-80e65024849a.file
80e346de-8832-11e7-bdbd-80e65024849a.file,4656,28,33792,0,0,4096,5,7,3,5,388532,262144,/home/tejas_patel/NTL/zippedMalware/80e346de-8832-11e7-bdbd-80e65024849a.file
81b256f3-9c08-11e6-af4d-80e65024849a.file,0,0,320,0,0,0,0,12,3,5,900,1048576,/home/tejas_patel/NTL/zippedMalware/81b256f3-9c08-11e6-af4d-80e65024849a.file
81d8cfd9-9c08-11e6-a7fa-80e65024849a.file,0,0,32768,0,0,28672,6,6,5,4,12544,1048576,/home/tejas_patel/NTL/zippedMalware/81d8cfd9-9c08-11e6-a7fa-80e65024849a.file
82107d35-c4f3-11e6-a62b-80e65024849a.file,0,0,0,0,0,32768,0,6,4,4,1240,1048576,/home/tejas_patel/NTL/zippedMalware/82107d35-c4f3-11e6-a62b-80e65024849a.file
82208d0f-8832-11e7-ac63-80e65024849a.file,614404,28,32768,0,0,608176,0,5,4,4,12400,1048576,/home/tejas_patel/NTL/zippedMalware/82208d0f-8832-11e7-ac63-80e65024849a.file
82e5d8b5-8832-11e7-9d1d-80e65024849a.file,97176,28,0,0,0,62848,0,6,4,5,579872,1048576,/home/tejas_patel/NTL/zippedMalware/82e5d8b5-8832-11e7-9d1d-80e65024849a.file
82fdff8f-b5b0-11e6-a03a-80e65024849a.file,0,0,0,0,0,65536,0,6,4,4,27976,1048576,/home/tejas_patel/NTL/zippedMalware/82fdff8f-b5b0-11e6-a03a-80e65024849a.file
8427aaf5-b5b0-11e6-9f6d-80e65024849a.file,0,0,0,0,0,106496,0,7,4,4,125236,1048576,/home/tejas_patel/NTL/zippedMalware/8427aaf5-b5b0-11e6-9f6d-80e65024849a.file
8462e7fd-c4f3-11e6-9407-80e65024849a.file,242784,28,32768,0,0,241664,0,9,4,5,29198344,1048576,/home/tejas_patel/NTL/zippedMalware/8462e7fd-c4f3-11e6-9407-80e65024849a.file
8550b714-ca1a-11e6-9eed-80e65024849a.file,0,0,4160,0,0,180736,1,2,14,5,19864,2097152,/home/tejas_patel/NTL/zippedMalware/8550b714-ca1a-11e6-9eed-80e65024849a.file
85d91e91-ca1a-11e6-a552-80e65024849a.file,0,0,33088,0,0,103172,6,2,8,5,157536,1048576,/home/tejas_patel/NTL/zippedMalware/85d91e91-ca1a-11e6-a552-80e65024849a.file
86c7ac5c-aa57-11e6-9c66-80e65024849a.file,0,0,32768,0,0,103164,6,2,8,5,45568,1048576,/home/tejas_patel/NTL/zippedMalware/86c7ac5c-aa57-11e6-9c66-80e65024849a.file
87965dc5-ca1a-11e6-97d0-80e65024849a.file,0,0,0,0,0,0,1,6,3,4,26924,1048576,/home/tejas_patel/NTL/zippedMalware/87965dc5-ca1a-11e6-97d0-80e65024849a.file
879b87a1-b5b0-11e6-bab9-80e65024849a.file,4256,28,49472,0,0,40960,6,11,5,6,1326375,262144,/home/tejas_patel/NTL/zippedMalware/879b87a1-b5b0-11e6-bab9-80e65024849a.file
88937ccc-4d49-11e7-9f9f-80e65024849a.file,0,0,33024,0,0,0,0,10,3,4,154992,1048576,/home/tejas_patel/NTL/zippedMalware/88937ccc-4d49-11e7-9f9f-80e65024849a.file
88a19c4a-c041-11e6-ae5a-80e65024849a.file,0,0,0,0,0,185760,0,2,9,5,207872,1048576,/home/tejas_patel/NTL/zippedMalware/88a19c4a-c041-11e6-ae5a-80e65024849a.file
8927f611-9011-11e7-8d7a-80e65024849a.file,4612,28,0,0,0,71536,0,14,4,5,567584,1048576,/home/tejas_patel/NTL/zippedMalware/8927f611-9011-11e7-8d7a-80e65024849a.file
894a1bae-c041-11e6-a009-80e65024849a.file,0,0,34112,0,0,8192,0,8,3,4,1536,1048576,/home/tejas_patel/NTL/zippedMalware/894a1bae-c041-11e6-a009-80e65024849a.file
8a052a02-c041-11e6-841c-80e65024849a.file,0,0,34112,0,0,8192,0,8,3,4,832,1048576,/home/tejas_patel/NTL/zippedMalware/8a052a02-c041-11e6-841c-80e65024849a.file
8a1f86b0-ca1a-11e6-a975-80e65024849a.file,0,0,1,0,0,0,0,2,3,4,4373,4096,/home/tejas_patel/NTL/zippedMalware/8a1f86b0-ca1a-11e6-a975-80e65024849a.file
8a2c0bd4-c041-11e6-8658-80e65024849a.file,0,0,34112,0,0,8192,0,8,3,4,1394,1048576,/home/tejas_patel/NTL/zippedMalware/8a2c0bd4-c041-11e6-8658-80e65024849a.file
8a543f47-c041-11e6-96fe-80e65024849a.file,784528,28,33024,0,0,782336,0,10,4,5,81668,1048576,/home/tejas_patel/NTL/zippedMalware/8a543f47-c041-11e6-96fe-80e65024849a.file
8b00cb7a-ca1a-11e6-aa81-80e65024849a.file,0,0,32768,0,0,28672,6,6,5,4,6088,1048576,/home/tejas_patel/NTL/zippedMalware/8b00cb7a-ca1a-11e6-aa81-80e65024849a.file
8b6a2a7d-4d49-11e7-b7c0-80e65024849a.file,0,0,33088,0,0,103172,6,2,8,5,157536,1048576,/home/tejas_patel/NTL/zippedMalware/8b6a2a7d-4d49-11e7-b7c0-80e65024849a.file
8c19186b-c041-11e6-b453-80e65024849a.file,780432,28,33024,0,0,778240,0,10,4,5,81668,1048576,/home/tejas_patel/NTL/zippedMalware/8c19186b-c041-11e6-b453-80e65024849a.file
8c917ac7-9011-11e7-b08f-80e65024849a.file,4656,28,33792,0,0,4096,5,7,3,5,388508,262144,/home/tejas_patel/NTL/zippedMalware/8c917ac7-9011-11e7-b08f-80e65024849a.file
8cdbb363-8a5c-11e7-aff9-80e65024849a.file,0,0,0,0,0,4096,9,6,3,4,14486,1048576,/home/tejas_patel/NTL/zippedMalware/8cdbb363-8a5c-11e7-aff9-80e65024849a.file
8d3cbbae-aa57-11e6-bd12-80e65024849a.file,0,0,33024,0,0,86016,0,9,4,5,9612,1048576,/home/tejas_patel/NTL/zippedMalware/8d3cbbae-aa57-11e6-bd12-80e65024849a.file
8d9cf799-8a5c-11e7-9422-80e65024849a.file,0,0,32768,0,0,0,0,14,3,5,2488,1048576,/home/tejas_patel/NTL/zippedMalware/8d9cf799-8a5c-11e7-9422-80e65024849a.file
8e2f304a-9a86-11e6-9ba4-80e65024849a.file,0,0,4160,0,0,180736,1,2,14,5,19864,2097152,/home/tejas_patel/NTL/zippedMalware/8e2f304a-9a86-11e6-9ba4-80e65024849a.file
8e3dce07-c041-11e6-831a-80e65024849a.file,0,0,34112,0,0,8192,0,8,3,4,2240,1048576,/home/tejas_patel/NTL/zippedMalware/8e3dce07-c041-11e6-831a-80e65024849a.file
8e4e28b5-aa57-11e6-aead-80e65024849a.file,0,0,0,0,0,73756,0,2,4,4,0,1048576,/home/tejas_patel/NTL/zippedMalware/8e4e28b5-aa57-11e6-aead-80e65024849a.file
8ef29ee3-c4f3-11e6-85c7-80e65024849a.file,0,0,34112,0,0,32768,6,6,5,4,19424,1048576,/home/tejas_patel/NTL/zippedMalware/8ef29ee3-c4f3-11e6-85c7-80e65024849a.file
8ef84673-9a86-11e6-acf1-80e65024849a.file,0,0,0,0,0,0,0,2,3,6,108064,1048576,/home/tejas_patel/NTL/zippedMalware/8ef84673-9a86-11e6-acf1-80e65024849a.file
8f8c9eba-aa57-11e6-b811-80e65024849a.file,74416,28,34048,79840,51,73728,0,9,5,5,13696,1048576,/home/tejas_patel/NTL/zippedMalware/8f8c9eba-aa57-11e6-b811-80e65024849a.file
8fd0db42-9a86-11e6-93fc-80e65024849a.file,0,0,32768,0,0,28672,6,6,5,4,2768,1048576,/home/tejas_patel/NTL/zippedMalware/8fd0db42-9a86-11e6-93fc-80e65024849a.file
90746fde-8a5c-11e7-a58a-80e65024849a.file,4656,28,33792,0,0,4096,5,7,3,5,388532,262144,/home/tejas_patel/NTL/zippedMalware/90746fde-8a5c-11e7-a58a-80e65024849a.file
9085d89e-9a86-11e6-9a5c-80e65024849a.file,0,0,0,0,0,241664,0,8,6,4,16384,1048576,/home/tejas_patel/NTL/zippedMalware/9085d89e-9a86-11e6-9a5c-80e65024849a.file
91b43000-9b65-11e6-9375-80e65024849a.file,0,0,32768,0,0,36864,6,6,5,4,27088,1048576,/home/tejas_patel/NTL/zippedMalware/91b43000-9b65-11e6-9375-80e65024849a.file
92421135-531b-11e7-8a3d-80e65024849a.file,0,0,0,0,0,98304,0,6,4,4,45104,1048576,/home/tejas_patel/NTL/zippedMalware/92421135-531b-11e7-8a3d-80e65024849a.file
926b92cc-c4f3-11e6-9385-80e65024849a.file,0,0,1,0,0,0,0,2,3,4,4373,4096,/home/tejas_patel/NTL/zippedMalware/926b92cc-c4f3-11e6-9385-80e65024849a.file
933962fa-5713-11e7-b7bc-80e65024849a.file,0,0,0,0,0,77824,0,6,4,4,45104,1048576,/home/tejas_patel/NTL/zippedMalware/933962fa-5713-11e7-b7bc-80e65024849a.file
93ad9319-9b65-11e6-b6d6-80e65024849a.file,0,0,32768,0,0,0,0,9,3,5,1076,1048576,/home/tejas_patel/NTL/zippedMalware/93ad9319-9b65-11e6-b6d6-80e65024849a.file
93bea5f8-9c08-11e6-8389-80e65024849a.file,0,0,0,0,0,73748,0,2,4,4,0,1048576,/home/tejas_patel/NTL/zippedMalware/93bea5f8-9c08-11e6-8389-80e65024849a.file
93c1bc91-5713-11e7-8360-80e65024849a.file,0,0,0,0,0,241664,0,8,5,4,8192,1048576,/home/tejas_patel/NTL/zippedMalware/93c1bc91-5713-11e7-8360-80e65024849a.file
93c8b6b8-c4f3-11e6-890a-80e65024849a.file,0,0,0,0,0,40960,0,8,4,4,59168,1048576,/home/tejas_patel/NTL/zippedMalware/93c8b6b8-c4f3-11e6-890a-80e65024849a.file
945889c0-c4f3-11e6-b690-80e65024849a.file,0,0,320,0,0,61440,0,12,5,5,896,1048576,/home/tejas_patel/NTL/zippedMalware/945889c0-c4f3-11e6-b690-80e65024849a.file
94c55e19-c4f3-11e6-a114-80e65024849a.file,0,0,320,0,0,0,0,12,3,5,900,1048576,/home/tejas_patel/NTL/zippedMalware/94c55e19-c4f3-11e6-a114-80e65024849a.file
94c580ca-9c08-11e6-a34a-80e65024849a.file,131072,28,320,0,0,120432,0,11,8,5,940,1048576,/home/tejas_patel/NTL/zippedMalware/94c580ca-9c08-11e6-a34a-80e65024849a.file
94f65bab-b5b0-11e6-b9a7-80e65024849a.file,0,0,34112,0,0,8192,0,8,3,4,42104,1048576,/home/tejas_patel/NTL/zippedMalware/94f65bab-b5b0-11e6-b9a7-80e65024849a.file
952e0421-9b65-11e6-a431-80e65024849a.file,0,0,4160,0,0,180736,1,2,14,5,19864,2097152,/home/tejas_patel/NTL/zippedMalware/952e0421-9b65-11e6-a431-80e65024849a.file
95c2177a-9b65-11e6-8afa-80e65024849a.file,0,0,32768,0,0,0,6,2,8,1,11264,1048576,/home/tejas_patel/NTL/zippedMalware/95c2177a-9b65-11e6-8afa-80e65024849a.file
968a5a87-b5b0-11e6-9478-80e65024849a.file,0,0,34112,0,0,32768,6,6,5,4,36349,1048576,/home/tejas_patel/NTL/zippedMalware/968a5a87-b5b0-11e6-9478-80e65024849a.file
96b29af5-9a86-11e6-9187-80e65024849a.file,0,0,33088,0,0,0,0,12,3,5,24556,1048576,/home/tejas_patel/NTL/zippedMalware/96b29af5-9a86-11e6-9187-80e65024849a.file
96d87fca-5713-11e7-8b05-80e65024849a.file,0,0,33088,0,0,1662976,0,10,5,5,1088,1048576,/home/tejas_patel/NTL/zippedMalware/96d87fca-5713-11e7-8b05-80e65024849a.file
98fd7505-9b65-11e6-8a7c-80e65024849a.file,0,0,320,0,0,61440,0,12,5,5,896,1048576,/home/tejas_patel/NTL/zippedMalware/98fd7505-9b65-11e6-8a7c-80e65024849a.file
9a913068-9b65-11e6-937c-80e65024849a.file,0,0,320,0,0,0,0,12,3,5,900,1048576,/home/tejas_patel/NTL/zippedMalware/9a913068-9b65-11e6-937c-80e65024849a.file
9b4b0317-c4f3-11e6-ba3c-80e65024849a.file,0,0,32768,0,0,28672,6,6,5,4,20056,1048576,/home/tejas_patel/NTL/zippedMalware/9b4b0317-c4f3-11e6-ba3c-80e65024849a.file
9c36174c-ab20-11e6-b2a1-80e65024849a.file,0,0,0,0,0,73748,0,2,4,4,0,1048576,/home/tejas_patel/NTL/zippedMalware/9c36174c-ab20-11e6-b2a1-80e65024849a.file
9c7ba03a-b5b0-11e6-a4b2-80e65024849a.file,0,0,34112,0,0,8192,0,8,3,4,121832,1048576,/home/tejas_patel/NTL/zippedMalware/9c7ba03a-b5b0-11e6-a4b2-80e65024849a.file
9d55873a-b5b0-11e6-a0a3-80e65024849a.file,0,0,34112,0,0,8192,0,8,3,4,1456128,1048576,/home/tejas_patel/NTL/zippedMalware/9d55873a-b5b0-11e6-a0a3-80e65024849a.file
9da3f014-ca8e-11e6-9ea4-80e65024849a.file,0,0,320,0,0,0,0,12,3,5,888,1048576,/home/tejas_patel/NTL/zippedMalware/9da3f014-ca8e-11e6-9ea4-80e65024849a.file
9db98b28-ab20-11e6-ab6d-80e65024849a.file,131072,28,320,0,0,120432,0,11,8,5,940,1048576,/home/tejas_patel/NTL/zippedMalware/9db98b28-ab20-11e6-ab6d-80e65024849a.file
9eb4e3bd-ca8e-11e6-adb6-80e65024849a.file,0,0,320,0,0,0,0,12,3,5,900,1048576,/home/tejas_patel/NTL/zippedMalware/9eb4e3bd-ca8e-11e6-adb6-80e65024849a.file
9ecd8be3-ca8e-11e6-8784-80e65024849a.file,0,0,32768,0,0,28672,6,6,5,4,12736,1048576,/home/tejas_patel/NTL/zippedMalware/9ecd8be3-ca8e-11e6-8784-80e65024849a.file
9ee6824c-9a86-11e6-98fa-80e65024849a.file,0,0,0,0,0,73748,0,2,4,4,0,1048576,/home/tejas_patel/NTL/zippedMalware/9ee6824c-9a86-11e6-98fa-80e65024849a.file
9f944aa1-9757-11e6-96f0-80e65024849a.file,0,0,0,0,0,45972,0,6,6,4,2016,1048576,/home/tejas_patel/NTL/zippedMalware/9f944aa1-9757-11e6-96f0-80e65024849a.file
ISSkin.dll,0,0,0,328096,91,278528,0,6,5,4,1168,1048576,/home/tejas_patel/NTL/ISSkin.dll
a027eac5-9a86-11e6-bee0-80e65024849a.file,131072,28,320,0,0,120432,0,11,8,5,940,1048576,/home/tejas_patel/NTL/zippedMalware/a027eac5-9a86-11e6-bee0-80e65024849a.file
a09c9114-9757-11e6-a4b9-80e65024849a.file,0,0,32768,0,0,28672,6,9,5,5,26664,1048576,/home/tejas_patel/NTL/zippedMalware/a09c9114-9757-11e6-a4b9-80e65024849a.file
a0cd67de-9b66-11e6-8dd6-80e65024849a.file,0,0,32768,0,0,36864,6,6,5,4,27040,1048576,/home/tejas_patel/NTL/zippedMalware/a0cd67de-9b66-11e6-8dd6-80e65024849a.file
a162cfbd-9a86-11e6-a19d-80e65024849a.file,491680,28,33088,0,0,596536,0,10,6,5,208576,1048576,/home/tejas_patel/NTL/zippedMalware/a162cfbd-9a86-11e6-a19d-80e65024849a.file
a5966d51-99fa-11e6-830e-80e65024849a.file,0,0,4160,0,0,180736,1,2,14,5,19864,2097152,/home/tejas_patel/NTL/zippedMalware/a5966d51-99fa-11e6-830e-80e65024849a.file
a65b5638-99fa-11e6-91b6-80e65024849a.file,0,0,0,0,0,0,0,2,3,6,108064,1048576,/home/tejas_patel/NTL/zippedMalware/a65b5638-99fa-11e6-91b6-80e65024849a.file
a6ea0c40-9a86-11e6-a7a6-80e65024849a.file,226768,28,0,0,0,225280,0,7,5,4,490448,1048576,/home/tejas_patel/NTL/zippedMalware/a6ea0c40-9a86-11e6-a7a6-80e65024849a.file
a7864f94-c040-11e6-9c68-80e65024849a.file,0,0,320,0,0,61440,0,12,5,5,896,1048576,/home/tejas_patel/NTL/zippedMalware/a7864f94-c040-11e6-9c68-80e65024849a.file
a83464e3-811d-11e7-a699-80e65024849a.file,0,0,64,0,0,0,0,11,6,4,1336,1048576,/home/tejas_patel/NTL/zippedMalware/a83464e3-811d-11e7-a699-80e65024849a.file
a8ce3068-c040-11e6-8023-80e65024849a.file,0,0,320,0,0,0,0,12,3,5,900,1048576,/home/tejas_patel/NTL/zippedMalware/a8ce3068-c040-11e6-8023-80e65024849a.file
a928b53a-811d-11e7-bdbd-80e65024849a.file,0,0,0,0,0,0,0,2,10,4,286208,1048576,/home/tejas_patel/NTL/zippedMalware/a928b53a-811d-11e7-bdbd-80e65024849a.file
a9aaa32b-99fa-11e6-9b07-80e65024849a.file,0,0,32768,0,0,28672,6,6,5,4,2768,1048576,/home/tejas_patel/NTL/zippedMalware/a9aaa32b-99fa-11e6-9b07-80e65024849a.file
a9b8ceba-c4f3-11e6-9a3f-80e65024849a.file,0,0,0,0,0,0,0,2,8,4,121088,1048576,/home/tejas_patel/NTL/zippedMalware/a9b8ceba-c4f3-11e6-9a3f-80e65024849a.file
aa5b9a9c-99fa-11e6-9a0b-80e65024849a.file,0,0,0,0,0,241664,0,8,6,4,16384,1048576,/home/tejas_patel/NTL/zippedMalware/aa5b9a9c-99fa-11e6-9a0b-80e65024849a.file
aab09528-5713-11e7-aeae-80e65024849a.file,874592,56,33088,0,0,872448,0,12,7,5,72536,1048576,/home/tejas_patel/NTL/zippedMalware/aab09528-5713-11e7-aeae-80e65024849a.file
abade275-4c81-11e7-bf98-80e65024849a.file,0,0,0,0,0,94208,0,6,4,4,45104,1048576,/home/tejas_patel/NTL/zippedMalware/abade275-4c81-11e7-bf98-80e65024849a.file
ac3bc94f-5260-11e7-abfd-80e65024849a.file,0,0,0,0,0,86016,0,6,4,4,45104,1048576,/home/tejas_patel/NTL/zippedMalware/ac3bc94f-5260-11e7-abfd-80e65024849a.file
acea9c35-99fa-11e6-9ab5-80e65024849a.file,0,0,33088,0,0,0,0,12,3,5,24556,1048576,/home/tejas_patel/NTL/zippedMalware/acea9c35-99fa-11e6-9ab5-80e65024849a.file
ae145e94-c040-11e6-9cf2-80e65024849a.file,0,0,0,0,0,0,0,2,8,4,203776,1048576,/home/tejas_patel/NTL/zippedMalware/ae145e94-c040-11e6-9cf2-80e65024849a.file
ae416b14-ab20-11e6-bd92-80e65024849a.file,4256,28,49472,0,0,40960,6,11,5,6,1146060,262144,/home/tejas_patel/NTL/zippedMalware/ae416b14-ab20-11e6-bd92-80e65024849a.file
aee6ced1-9018-11e7-8dab-80e65024849a.file,0,0,0,6291456,72,0,0,2,6,5,2929508,0,/home/tejas_patel/NTL/zippedMalware/aee6ced1-9018-11e7-8dab-80e65024849a.file
af24c017-5713-11e7-87ca-80e65024849a.file,0,0,34112,0,0,32768,6,6,5,4,3672,1048576,/home/tejas_patel/NTL/zippedMalware/af24c017-5713-11e7-87ca-80e65024849a.file
af3d15cc-c040-11e6-8779-80e65024849a.file,0,0,0,0,0,65536,0,6,4,4,2656,1048576,/home/tejas_patel/NTL/zippedMalware/af3d15cc-c040-11e6-8779-80e65024849a.file
af4d9b0a-9b66-11e6-b00c-80e65024849a.file,0,0,0,0,0,733184,0,2,5,5,0,1048576,/home/tejas_patel/NTL/zippedMalware/af4d9b0a-9b66-11e6-b00c-80e65024849a.file
af8c0726-c4f3-11e6-8e8c-80e65024849a.file,0,0,32768,0,0,36864,6,6,5,4,394712,1048576,/home/tejas_patel/NTL/zippedMalware/af8c0726-c4f3-11e6-8e8c-80e65024849a.file
b140bb99-c4f3-11e6-a88c-80e65024849a.file,722528,28,33088,0,0,720896,0,10,5,5,38260,1048576,/home/tejas_patel/NTL/zippedMalware/b140bb99-c4f3-11e6-a88c-80e65024849a.file
b1854187-ca1a-11e6-ae9d-80e65024849a.file,0,0,320,0,0,0,0,12,3,5,888,1048576,/home/tejas_patel/NTL/zippedMalware/b1854187-ca1a-11e6-ae9d-80e65024849a.file
b263c0d4-9a86-11e6-ac14-80e65024849a.file,0,0,34112,0,0,8192,0,48,3,4,2064,1048576,/home/tejas_patel/NTL/zippedMalware/b263c0d4-9a86-11e6-ac14-80e65024849a.file
b27cf8eb-ca1a-11e6-9457-80e65024849a.file,0,0,320,0,0,0,0,12,3,5,900,1048576,/home/tejas_patel/NTL/zippedMalware/b27cf8eb-ca1a-11e6-9457-80e65024849a.file
b299f8ae-ca1a-11e6-9cb1-80e65024849a.file,0,0,32768,0,0,28672,6,6,5,4,12736,1048576,/home/tejas_patel/NTL/zippedMalware/b299f8ae-ca1a-11e6-9cb1-80e65024849a.file
b3309640-9a86-11e6-8efe-80e65024849a.file,0,0,0,0,0,0,0,2,8,1,10240,1048576,/home/tejas_patel/NTL/zippedMalware/b3309640-9a86-11e6-8efe-80e65024849a.file
b3709547-9b66-11e6-92e5-80e65024849a.file,70064,56,33088,0,0,69632,0,12,5,5,3680,1048576,/home/tejas_patel/NTL/zippedMalware/b3709547-9b66-11e6-92e5-80e65024849a.file
b37b887a-c4f3-11e6-955d-80e65024849a.file,0,0,34112,0,0,32768,6,6,5,4,29000,1048576,/home/tejas_patel/NTL/zippedMalware/b37b887a-c4f3-11e6-955d-80e65024849a.file
b40af240-9a86-11e6-831a-80e65024849a.file,0,0,33088,0,0,4096,0,10,3,5,708,1048576,/home/tejas_patel/NTL/zippedMalware/b40af240-9a86-11e6-831a-80e65024849a.file
b40bd81c-ca8e-11e6-b11a-80e65024849a.file,0,0,34112,0,0,32768,6,6,5,4,28600,1048576,/home/tejas_patel/NTL/zippedMalware/b40bd81c-ca8e-11e6-b11a-80e65024849a.file
b4323f8f-9b66-11e6-8ee8-80e65024849a.file,0,0,33088,0,0,684032,0,10,5,5,1300,1048576,/home/tejas_patel/NTL/zippedMalware/b4323f8f-9b66-11e6-8ee8-80e65024849a.file
b447d0b0-c4f3-11e6-8a7e-80e65024849a.file,0,0,0,0,0,184320,0,7,3,4,0,1048576,/home/tejas_patel/NTL/zippedMalware/b447d0b0-c4f3-11e6-8a7e-80e65024849a.file
b461418a-9018-11e7-9e9c-80e65024849a.file,0,0,0,2052096,72,0,0,2,6,5,23220,0,/home/tejas_patel/NTL/zippedMalware/b461418a-9018-11e7-9e9c-80e65024849a.file
b4c3af33-5713-11e7-a4e5-80e65024849a.file,0,0,33792,0,0,28672,6,9,5,5,26664,1048576,/home/tejas_patel/NTL/zippedMalware/b4c3af33-5713-11e7-a4e5-80e65024849a.file
b5012a59-9b66-11e6-85aa-80e65024849a.file,2273268,28,34112,0,0,8192,0,6,3,4,102940,1048576,/home/tejas_patel/NTL/zippedMalware/b5012a59-9b66-11e6-85aa-80e65024849a.file
b53f87ca-ca1a-11e6-ae62-80e65024849a.file,0,0,34112,0,0,32768,6,6,5,4,28600,1048576,/home/tejas_patel/NTL/zippedMalware/b53f87ca-ca1a-11e6-ae62-80e65024849a.file
b5540bd1-9a86-11e6-803e-80e65024849a.file,0,0,0,0,0,663552,0,6,5,4,25320,1048576,/home/tejas_patel/NTL/zippedMalware/b5540bd1-9a86-11e6-803e-80e65024849a.file
b5aec178-9018-11e7-87b2-80e65024849a.file,0,0,0,0,0,0,0,2,3,4,0,1048576,/home/tejas_patel/NTL/zippedMalware/b5aec178-9018-11e7-87b2-80e65024849a.file
b5b7e905-99fa-11e6-bd03-80e65024849a.file,0,0,0,0,0,73748,0,2,4,4,0,1048576,/home/tejas_patel/NTL/zippedMalware/b5b7e905-99fa-11e6-bd03-80e65024849a.file
b66ab6b5-ca8e-11e6-a922-80e65024849a.file,491680,28,33088,0,0,596536,0,10,6,5,208576,1048576,/home/tejas_patel/NTL/zippedMalware/b66ab6b5-ca8e-11e6-a922-80e65024849a.file
b6ef534c-c4f3-11e6-82b7-80e65024849a.file,0,0,34112,0,0,8192,0,8,3,4,68608,1048576,/home/tejas_patel/NTL/zippedMalware/b6ef534c-c4f3-11e6-82b7-80e65024849a.file
b712454c-99fa-11e6-bae3-80e65024849a.file,131072,28,320,0,0,120432,0,11,8,5,940,1048576,/home/tejas_patel/NTL/zippedMalware/b712454c-99fa-11e6-bae3-80e65024849a.file
b7436acc-9b66-11e6-87a3-80e65024849a.file,0,0,0,0,0,0,0,2,3,4,28016,1048576,/home/tejas_patel/NTL/zippedMalware/b7436acc-9b66-11e6-87a3-80e65024849a.file
b7579b42-ab20-11e6-b83f-80e65024849a.file,118784,28,320,0,0,111692,0,12,9,5,79384,1048576,/home/tejas_patel/NTL/zippedMalware/b7579b42-ab20-11e6-b83f-80e65024849a.file
b7e5d433-9a86-11e6-95a4-80e65024849a.file,0,0,34112,0,0,90112,0,11,5,4,19978,1048576,/home/tejas_patel/NTL/zippedMalware/b7e5d433-9a86-11e6-95a4-80e65024849a.file
b810cddc-ca8e-11e6-9d89-80e65024849a.file,0,0,34112,0,0,32768,6,6,5,4,51942,1048576,/home/tejas_patel/NTL/zippedMalware/b810cddc-ca8e-11e6-9d89-80e65024849a.file
b8321f66-c4f3-11e6-badd-80e65024849a.file,0,0,0,0,0,88872,0,2,4,4,0,1048576,/home/tejas_patel/NTL/zippedMalware/b8321f66-c4f3-11e6-badd-80e65024849a.file
b8460e07-99fa-11e6-93c9-80e65024849a.file,491680,28,33088,0,0,596536,0,10,6,5,208576,1048576,/home/tejas_patel/NTL/zippedMalware/b8460e07-99fa-11e6-93c9-80e65024849a.file
b8a87a75-c4f3-11e6-bb65-80e65024849a.file,53248,28,320,0,0,49820,0,14,8,6,180948,1048576,/home/tejas_patel/NTL/zippedMalware/b8a87a75-c4f3-11e6-bb65-80e65024849a.file
b8da24f3-c4f3-11e6-acc3-80e65024849a.file,0,0,0,0,0,185760,0,2,9,5,210944,1048576,/home/tejas_patel/NTL/zippedMalware/b8da24f3-c4f3-11e6-acc3-80e65024849a.file
b926a6ab-9a86-11e6-8a26-80e65024849a.file,0,0,33792,0,0,32768,6,9,5,5,18600,1048576,/home/tejas_patel/NTL/zippedMalware/b926a6ab-9a86-11e6-8a26-80e65024849a.file
b9573b59-ca1a-11e6-bccd-80e65024849a.file,491680,28,33088,0,0,596536,0,10,6,5,208576,1048576,/home/tejas_patel/NTL/zippedMalware/b9573b59-ca1a-11e6-bccd-80e65024849a.file
b980b2f3-9018-11e7-acbd-80e65024849a.file,4612,28,0,0,0,58788,0,10,4,5,579872,1048576,/home/tejas_patel/NTL/zippedMalware/b980b2f3-9018-11e7-acbd-80e65024849a.file
b9d60d9e-c4f3-11e6-ac90-80e65024849a.file,0,0,0,0,0,177548,0,2,9,5,209408,1048576,/home/tejas_patel/NTL/zippedMalware/b9d60d9e-c4f3-11e6-ac90-80e65024849a.file
ba2cc1dc-c4f3-11e6-923f-80e65024849a.file,0,0,0,0,0,185792,0,2,9,5,210432,1048576,/home/tejas_patel/NTL/zippedMalware/ba2cc1dc-c4f3-11e6-923f-80e65024849a.file
ba6a4133-5713-11e7-8e43-80e65024849a.file,0,0,33088,0,0,798720,0,12,5,5,480,1048576,/home/tejas_patel/NTL/zippedMalware/ba6a4133-5713-11e7-8e43-80e65024849a.file
ba7354eb-ca1a-11e6-90ec-80e65024849a.file,0,0,32768,0,0,32768,6,6,5,4,17856,1048576,/home/tejas_patel/NTL/zippedMalware/ba7354eb-ca1a-11e6-90ec-80e65024849a.file
bb31c96e-5713-11e7-8108-80e65024849a.file,0,0,33088,0,0,684032,0,10,5,5,1312,1048576,/home/tejas_patel/NTL/zippedMalware/bb31c96e-5713-11e7-8108-80e65024849a.file
bb8cf514-5713-11e7-ace4-80e65024849a.file,0,0,0,0,0,73728,0,6,5,4,70192,1048576,/home/tejas_patel/NTL/zippedMalware/bb8cf514-5713-11e7-ace4-80e65024849a.file
bbd2ec5c-c2b4-11e6-8b1d-80e65024849a.file,0,0,0,0,0,0,0,2,3,4,14400,1048576,/home/tejas_patel/NTL/zippedMalware/bbd2ec5c-c2b4-11e6-8b1d-80e65024849a.file
bc1c3aab-99fa-11e6-bd99-80e65024849a.file,226768,28,0,0,0,225280,0,7,5,4,490448,1048576,/home/tejas_patel/NTL/zippedMalware/bc1c3aab-99fa-11e6-bd99-80e65024849a.file
bd075efa-811d-11e7-8d43-80e65024849a.file,0,0,0,0,0,127584,1,2,9,4,1479216,2097152,/home/tejas_patel/NTL/zippedMalware/bd075efa-811d-11e7-8d43-80e65024849a.file
bdc63073-acb4-11e7-a6a1-80e65024849a.file,0,0,33024,0,0,51720,0,12,4,5,2256,1048576,/home/tejas_patel/NTL/zippedMalware/bdc63073-acb4-11e7-a6a1-80e65024849a.file
be046514-4ee1-11e7-a128-80e65024849a.file,0,0,0,0,0,0,0,2,8,4,119296,1048576,/home/tejas_patel/NTL/zippedMalware/be046514-4ee1-11e7-a128-80e65024849a.file
be455b91-ab20-11e6-93c0-80e65024849a.file,0,0,0,0,0,57344,0,6,4,4,467524,1048576,/home/tejas_patel/NTL/zippedMalware/be455b91-ab20-11e6-93c0-80e65024849a.file
bea49157-a71b-11e6-b338-80e65024849a.file,718416,28,33088,0,0,716800,0,10,5,5,38248,1048576,/home/tejas_patel/NTL/zippedMalware/bea49157-a71b-11e6-b338-80e65024849a.file
bf024f73-ca1a-11e6-aacb-80e65024849a.file,0,0,0,0,0,210344,0,2,9,5,112844,1048576,/home/tejas_patel/NTL/zippedMalware/bf024f73-ca1a-11e6-aacb-80e65024849a.file
bf1b394f-c2b4-11e6-8aed-80e65024849a.file,722528,28,33088,0,0,720896,0,10,5,5,38260,1048576,/home/tejas_patel/NTL/zippedMalware/bf1b394f-c2b4-11e6-8aed-80e65024849a.file
bf5ca617-ab20-11e6-afb1-80e65024849a.file,0,0,32768,0,0,28672,6,6,5,4,19240,1048576,/home/tejas_patel/NTL/zippedMalware/bf5ca617-ab20-11e6-afb1-80e65024849a.file
bffae573-ca1a-11e6-90f8-80e65024849a.file,427616,56,33088,0,0,425984,0,12,5,6,816944,1048576,/home/tejas_patel/NTL/zippedMalware/bffae573-ca1a-11e6-90f8-80e65024849a.file
c04d5a70-ab20-11e6-a7bd-80e65024849a.file,0,0,32768,0,0,28672,6,6,5,4,17080,1048576,/home/tejas_patel/NTL/zippedMalware/c04d5a70-ab20-11e6-a7bd-80e65024849a.file
c07c3019-a71b-11e6-af31-80e65024849a.file,718416,28,33088,0,0,716800,0,10,5,5,38248,1048576,/home/tejas_patel/NTL/zippedMalware/c07c3019-a71b-11e6-af31-80e65024849a.file
c0e4c800-a71b-11e6-90b3-80e65024849a.file,0,0,4160,0,0,180736,1,2,14,5,19864,2097152,/home/tejas_patel/NTL/zippedMalware/c0e4c800-a71b-11e6-90b3-80e65024849a.file
c1514642-ca8e-11e6-8821-80e65024849a.file,0,0,0,0,0,210344,0,2,9,5,112844,1048576,/home/tejas_patel/NTL/zippedMalware/c1514642-ca8e-11e6-8821-80e65024849a.file
c25275fd-ca8e-11e6-94aa-80e65024849a.file,0,0,0,0,0,210344,0,2,9,5,111188,1048576,/home/tejas_patel/NTL/zippedMalware/c25275fd-ca8e-11e6-94aa-80e65024849a.file
c2993138-564b-11e7-b0fd-80e65024849a.file,0,0,33792,0,0,28672,6,9,5,5,26664,1048576,/home/tejas_patel/NTL/zippedMalware/c2993138-564b-11e7-b0fd-80e65024849a.file
c29c91b3-ca8e-11e6-b0f1-80e65024849a.file,427616,56,33088,0,0,425984,0,12,5,6,816944,1048576,/home/tejas_patel/NTL/zippedMalware/c29c91b3-ca8e-11e6-b0f1-80e65024849a.file
c3cd3e54-ab20-11e6-9225-80e65024849a.file,0,0,32768,0,0,103164,6,2,8,5,45568,1048576,/home/tejas_patel/NTL/zippedMalware/c3cd3e54-ab20-11e6-9225-80e65024849a.file
c3fa90b0-5713-11e7-a3c7-80e65024849a.file,0,0,32768,0,0,103164,6,2,8,5,125380,1048576,/home/tejas_patel/NTL/zippedMalware/c3fa90b0-5713-11e7-a3c7-80e65024849a.file
c40590c7-811d-11e7-8ba1-80e65024849a.file,0,0,34112,0,0,8192,0,8,3,4,6666,1048576,/home/tejas_patel/NTL/zippedMalware/c40590c7-811d-11e7-8ba1-80e65024849a.file
c42d274f-4ee1-11e7-880c-80e65024849a.file,0,0,33088,0,0,0,0,12,3,5,24628,1048576,/home/tejas_patel/NTL/zippedMalware/c42d274f-4ee1-11e7-880c-80e65024849a.file
c446d551-acb4-11e7-8e99-80e65024849a.file,0,0,33024,0,0,51664,0,12,4,5,3968,1048576,/home/tejas_patel/NTL/zippedMalware/c446d551-acb4-11e7-8e99-80e65024849a.file
c5d15aa8-99fa-11e6-bc8a-80e65024849a.file,0,0,34112,0,0,8192,0,48,3,4,2064,1048576,/home/tejas_patel/NTL/zippedMalware/c5d15aa8-99fa-11e6-bc8a-80e65024849a.file
c668d630-99fa-11e6-8be6-80e65024849a.file,0,0,0,0,0,0,0,2,8,1,10240,1048576,/home/tejas_patel/NTL/zippedMalware/c668d630-99fa-11e6-8be6-80e65024849a.file
c687023d-5713-11e7-b049-80e65024849a.file,601024,28,32832,0,0,585728,0,12,5,5,657572,4194304,/home/tejas_patel/NTL/zippedMalware/c687023d-5713-11e7-b049-80e65024849a.file
c724f8bd-99fa-11e6-86db-80e65024849a.file,0,0,33088,0,0,4096,0,10,3,5,708,1048576,/home/tejas_patel/NTL/zippedMalware/c724f8bd-99fa-11e6-86db-80e65024849a.file
c72d44b3-5713-11e7-9025-80e65024849a.file,874560,56,33088,0,0,872448,0,12,7,5,72544,1048576,/home/tejas_patel/NTL/zippedMalware/c72d44b3-5713-11e7-9025-80e65024849a.file
c74ffc0f-9a86-11e6-9889-80e65024849a.file,1771488,28,33088,0,0,1765376,0,10,5,5,1088,1048576,/home/tejas_patel/NTL/zippedMalware/c74ffc0f-9a86-11e6-9889-80e65024849a.file
c7c70659-4ffa-11e7-acae-80e65024849a.file,0,0,0,0,0,36864,0,6,4,4,35592,1048576,/home/tejas_patel/NTL/zippedMalware/c7c70659-4ffa-11e7-acae-80e65024849a.file
c7cf5c57-ab20-11e6-a6c5-80e65024849a.file,0,0,33024,0,0,86016,0,9,4,5,9612,1048576,/home/tejas_patel/NTL/zippedMalware/c7cf5c57-ab20-11e6-a6c5-80e65024849a.file
c7efb1cc-99fa-11e6-9560-80e65024849a.file,0,0,0,0,0,663552,0,6,5,4,25320,1048576,/home/tejas_patel/NTL/zippedMalware/c7efb1cc-99fa-11e6-9560-80e65024849a.file
c83042a1-acb4-11e7-bc60-80e65024849a.file,0,0,0,0,0,286720,0,5,4,4,112800,1048576,/home/tejas_patel/NTL/zippedMalware/c83042a1-acb4-11e7-bc60-80e65024849a.file
c8e10cb8-99fa-11e6-8222-80e65024849a.file,0,0,34112,0,0,90112,0,11,5,4,19978,1048576,/home/tejas_patel/NTL/zippedMalware/c8e10cb8-99fa-11e6-8222-80e65024849a.file
c90feee6-ab20-11e6-8fb7-80e65024849a.file,0,0,0,0,0,73756,0,2,4,4,0,1048576,/home/tejas_patel/NTL/zippedMalware/c90feee6-ab20-11e6-8fb7-80e65024849a.file
c98379d4-4ee1-11e7-8302-80e65024849a.file,0,0,0,0,0,36864,0,6,4,4,35592,1048576,/home/tejas_patel/NTL/zippedMalware/c98379d4-4ee1-11e7-8302-80e65024849a.file
c994d978-9a86-11e6-b10d-80e65024849a.file,0,0,0,0,0,177548,0,2,9,5,209408,1048576,/home/tejas_patel/NTL/zippedMalware/c994d978-9a86-11e6-b10d-80e65024849a.file
c9c567f0-ab20-11e6-83b4-80e65024849a.file,0,0,0,8672,53,8192,0,6,4,4,1118263,1048576,/home/tejas_patel/NTL/zippedMalware/c9c567f0-ab20-11e6-83b4-80e65024849a.file
caa393d4-9a86-11e6-908f-80e65024849a.file,0,0,33792,0,0,28672,6,9,5,5,26664,1048576,/home/tejas_patel/NTL/zippedMalware/caa393d4-9a86-11e6-908f-80e65024849a.file
caadbf1c-acb4-11e7-a850-80e65024849a.file,0,0,33024,0,0,51720,0,12,4,5,3968,1048576,/home/tejas_patel/NTL/zippedMalware/caadbf1c-acb4-11e7-a850-80e65024849a.file
caeeb73a-99fa-11e6-abcf-80e65024849a.file,0,0,33792,0,0,32768,6,9,5,5,18600,1048576,/home/tejas_patel/NTL/zippedMalware/caeeb73a-99fa-11e6-abcf-80e65024849a.file
cb688d35-564b-11e7-86ad-80e65024849a.file,0,0,33088,0,0,798720,0,12,5,5,480,1048576,/home/tejas_patel/NTL/zippedMalware/cb688d35-564b-11e7-86ad-80e65024849a.file
cbf86770-933a-11e7-97fe-80e65024849a.file,4348,28,32768,0,0,294404,5,4,3,5,37056,1048576,/home/tejas_patel/NTL/zippedMalware/cbf86770-933a-11e7-97fe-80e65024849a.file
cbfffa70-aa57-11e6-80a1-80e65024849a.file,0,0,0,0,0,329380,0,2,9,5,215552,1048576,/home/tejas_patel/NTL/zippedMalware/cbfffa70-aa57-11e6-80a1-80e65024849a.file
ccf0f1ee-933a-11e7-a33f-80e65024849a.file,0,0,0,0,0,40960,0,7,3,4,132192,1048576,/home/tejas_patel/NTL/zippedMalware/ccf0f1ee-933a-11e7-a33f-80e65024849a.file
cd0812cc-c2b4-11e6-982d-80e65024849a.file,0,0,33088,0,0,438272,0,9,5,5,2160,1048576,/home/tejas_patel/NTL/zippedMalware/cd0812cc-c2b4-11e6-982d-80e65024849a.file
cd760c17-aa57-11e6-9231-80e65024849a.file,0,0,0,0,0,185760,0,2,9,5,207872,1048576,/home/tejas_patel/NTL/zippedMalware/cd760c17-aa57-11e6-9231-80e65024849a.file
cd807a33-c2b4-11e6-80fd-80e65024849a.file,0,0,0,0,0,462848,0,6,3,4,0,1048576,/home/tejas_patel/NTL/zippedMalware/cd807a33-c2b4-11e6-80fd-80e65024849a.file
ce0c4d73-ab20-11e6-ad09-80e65024849a.file,0,0,33088,0,0,103164,6,2,8,5,468336,1048576,/home/tejas_patel/NTL/zippedMalware/ce0c4d73-ab20-11e6-ad09-80e65024849a.file
ce969333-c2b4-11e6-8661-80e65024849a.file,0,0,33792,0,0,32768,6,9,5,5,3112,1048576,/home/tejas_patel/NTL/zippedMalware/ce969333-c2b4-11e6-8661-80e65024849a.file
cf2bf9cc-c2b4-11e6-92c6-80e65024849a.file,0,0,0,0,0,210344,0,2,9,5,111188,1048576,/home/tejas_patel/NTL/zippedMalware/cf2bf9cc-c2b4-11e6-92c6-80e65024849a.file
cfa50326-c2b4-11e6-91c8-80e65024849a.file,0,0,0,0,0,210344,0,2,9,5,112844,1048576,/home/tejas_patel/NTL/zippedMalware/cfa50326-c2b4-11e6-91c8-80e65024849a.file
cfa7fc00-acb4-11e7-bf39-80e65024849a.file,24576,28,34112,0,0,8192,0,11,4,4,2584,1048576,/home/tejas_patel/NTL/zippedMalware/cfa7fc00-acb4-11e7-bf39-80e65024849a.file
cfca5a23-c2b4-11e6-a678-80e65024849a.file,0,0,0,2662400,94,2644840,0,2,11,5,382464,1048576,/home/tejas_patel/NTL/zippedMalware/cfca5a23-c2b4-11e6-a678-80e65024849a.file
cfe41357-564b-11e7-8e9a-80e65024849a.file,0,0,33088,0,0,684032,0,10,5,5,1312,1048576,/home/tejas_patel/NTL/zippedMalware/cfe41357-564b-11e7-8e9a-80e65024849a.file
d0059ba8-acb4-11e7-a437-80e65024849a.file,0,0,0,0,0,0,0,2,8,4,594432,1048576,/home/tejas_patel/NTL/zippedMalware/d0059ba8-acb4-11e7-a437-80e65024849a.file
d007dcc5-ab20-11e6-b6d7-80e65024849a.file,0,0,33088,0,0,103164,6,2,8,5,468336,1048576,/home/tejas_patel/NTL/zippedMalware/d007dcc5-ab20-11e6-b6d7-80e65024849a.file
d03e0f63-564b-11e7-92b4-80e65024849a.file,0,0,0,0,0,73728,0,6,5,4,70192,1048576,/home/tejas_patel/NTL/zippedMalware/d03e0f63-564b-11e7-92b4-80e65024849a.file
d0b33af0-c2b4-11e6-996f-80e65024849a.file,0,0,32768,0,0,28672,6,6,5,4,23240,1048576,/home/tejas_patel/NTL/zippedMalware/d0b33af0-c2b4-11e6-996f-80e65024849a.file
d1503f85-ab20-11e6-87ef-80e65024849a.file,0,0,33088,0,0,103164,6,2,8,5,468336,1048576,/home/tejas_patel/NTL/zippedMalware/d1503f85-ab20-11e6-87ef-80e65024849a.file
d1fda90f-aa57-11e6-8b0a-80e65024849a.file,0,0,0,0,0,733184,0,2,5,5,0,1048576,/home/tejas_patel/NTL/zippedMalware/d1fda90f-aa57-11e6-8b0a-80e65024849a.file
d2656aa8-c2b4-11e6-ba99-80e65024849a.file,0,0,0,0,0,0,0,2,8,4,468480,1048576,/home/tejas_patel/NTL/zippedMalware/d2656aa8-c2b4-11e6-ba99-80e65024849a.file
d2a07733-acb4-11e7-a510-80e65024849a.file,90928,28,44077,0,0,90112,0,8,4,4,671832,1048576,/home/tejas_patel/NTL/zippedMalware/d2a07733-acb4-11e7-a510-80e65024849a.file
d2b61fa8-9a86-11e6-938b-80e65024849a.file,0,0,0,0,0,733184,0,2,5,5,0,1048576,/home/tejas_patel/NTL/zippedMalware/d2b61fa8-9a86-11e6-938b-80e65024849a.file
d3404a8c-ab20-11e6-a3df-80e65024849a.file,0,0,34112,0,0,32768,6,10,6,5,21096,1048576,/home/tejas_patel/NTL/zippedMalware/d3404a8c-ab20-11e6-a3df-80e65024849a.file
d3c00273-ab20-11e6-8e63-80e65024849a.file,0,0,0,0,0,0,0,2,12,5,41472,1048576,/home/tejas_patel/NTL/zippedMalware/d3c00273-ab20-11e6-8e63-80e65024849a.file
d6ab676e-933a-11e7-a1d4-80e65024849a.file,12452,28,34112,0,0,8192,0,48,3,4,1592,1048576,/home/tejas_patel/NTL/zippedMalware/d6ab676e-933a-11e7-a1d4-80e65024849a.file
d72bd5d4-9b65-11e6-8871-80e65024849a.file,0,0,0,0,0,73748,0,2,4,4,0,1048576,/home/tejas_patel/NTL/zippedMalware/d72bd5d4-9b65-11e6-8871-80e65024849a.file
d7a52df0-aa57-11e6-a69b-80e65024849a.file,0,0,34112,0,0,32768,6,10,6,5,27245,1048576,/home/tejas_patel/NTL/zippedMalware/d7a52df0-aa57-11e6-a69b-80e65024849a.file
d84c2240-ca8e-11e6-9116-80e65024849a.file,0,0,33088,0,0,28672,0,10,5,5,27960,1048576,/home/tejas_patel/NTL/zippedMalware/d84c2240-ca8e-11e6-9116-80e65024849a.file
d875f6de-9b65-11e6-ab65-80e65024849a.file,131072,28,320,0,0,120432,0,11,8,5,940,1048576,/home/tejas_patel/NTL/zippedMalware/d875f6de-9b65-11e6-ab65-80e65024849a.file
d8e37d61-99fa-11e6-8c12-80e65024849a.file,0,0,0,0,0,177548,0,2,9,5,209408,1048576,/home/tejas_patel/NTL/zippedMalware/d8e37d61-99fa-11e6-8c12-80e65024849a.file
d995bad7-9b65-11e6-8d9f-80e65024849a.file,0,0,32768,0,0,0,6,2,7,4,17552,2097152,/home/tejas_patel/NTL/zippedMalware/d995bad7-9b65-11e6-8d9f-80e65024849a.file
d9e7f6fa-99fa-11e6-9d7a-80e65024849a.file,0,0,0,0,0,733184,0,2,5,5,0,1048576,/home/tejas_patel/NTL/zippedMalware/d9e7f6fa-99fa-11e6-9d7a-80e65024849a.file
da300fab-9b65-11e6-8885-80e65024849a.file,0,0,32768,0,0,0,6,2,7,4,17552,2097152,/home/tejas_patel/NTL/zippedMalware/da300fab-9b65-11e6-8885-80e65024849a.file
da582528-ca8e-11e6-b16b-80e65024849a.file,0,0,0,2035712,94,2017840,0,2,11,5,1582592,1048576,/home/tejas_patel/NTL/zippedMalware/da582528-ca8e-11e6-b16b-80e65024849a.file
da5909d1-9b65-11e6-acaf-80e65024849a.file,0,0,32768,0,0,0,6,2,7,4,17552,2097152,/home/tejas_patel/NTL/zippedMalware/da5909d1-9b65-11e6-acaf-80e65024849a.file
da85b48f-9b65-11e6-afdc-80e65024849a.file,0,0,34112,0,0,32768,6,10,6,5,27245,1048576,/home/tejas_patel/NTL/zippedMalware/da85b48f-9b65-11e6-afdc-80e65024849a.file
db0e3f4f-9a86-11e6-9d73-80e65024849a.file,373104,56,32832,0,0,372736,0,12,5,5,3680,1048576,/home/tejas_patel/NTL/zippedMalware/db0e3f4f-9a86-11e6-9d73-80e65024849a.file
db3d6fab-9a86-11e6-a78c-80e65024849a.file,2273268,28,34112,0,0,8192,0,6,3,4,102940,1048576,/home/tejas_patel/NTL/zippedMalware/db3d6fab-9a86-11e6-a78c-80e65024849a.file
dbeab92b-564b-11e7-b70d-80e65024849a.file,0,0,32768,0,0,103164,6,2,8,5,125380,1048576,/home/tejas_patel/NTL/zippedMalware/dbeab92b-564b-11e7-b70d-80e65024849a.file
dbec4b19-4d49-11e7-beee-80e65024849a.file,0,0,0,0,0,90112,0,6,4,4,45104,1048576,/home/tejas_patel/NTL/zippedMalware/dbec4b19-4d49-11e7-beee-80e65024849a.file
dc21fd85-c2b4-11e6-90c4-80e65024849a.file,0,0,34112,0,0,32768,6,6,5,4,19424,1048576,/home/tejas_patel/NTL/zippedMalware/dc21fd85-c2b4-11e6-90c4-80e65024849a.file
dca290ae-9b65-11e6-ae80-80e65024849a.file,0,0,34112,0,0,8192,0,48,3,4,2064,1048576,/home/tejas_patel/NTL/zippedMalware/dca290ae-9b65-11e6-ae80-80e65024849a.file
ddbbdcfd-c2b4-11e6-8501-80e65024849a.file,0,0,33088,0,0,483328,0,12,5,5,99288,1048576,/home/tejas_patel/NTL/zippedMalware/ddbbdcfd-c2b4-11e6-8501-80e65024849a.file
dddf5df0-564b-11e7-9ab1-80e65024849a.file,601024,28,32832,0,0,585728,0,12,5,5,657572,4194304,/home/tejas_patel/NTL/zippedMalware/dddf5df0-564b-11e7-9ab1-80e65024849a.file
de0d45f3-9b65-11e6-924b-80e65024849a.file,0,0,34112,0,0,90112,0,11,5,4,19978,1048576,/home/tejas_patel/NTL/zippedMalware/de0d45f3-9b65-11e6-924b-80e65024849a.file
de4772e3-ca8e-11e6-955d-80e65024849a.file,0,0,33024,0,0,12288,0,10,4,5,195128,1048576,/home/tejas_patel/NTL/zippedMalware/de4772e3-ca8e-11e6-955d-80e65024849a.file
de8d2d85-564b-11e7-aadb-80e65024849a.file,874560,56,33088,0,0,872448,0,12,7,5,72544,1048576,/home/tejas_patel/NTL/zippedMalware/de8d2d85-564b-11e7-aadb-80e65024849a.file
de9d8f35-9a86-11e6-a9a4-80e65024849a.file,0,0,33088,0,0,360448,0,10,5,5,16064,1048576,/home/tejas_patel/NTL/zippedMalware/de9d8f35-9a86-11e6-a9a4-80e65024849a.file
deb9050a-c2b4-11e6-b63e-80e65024849a.file,0,0,0,0,0,210344,0,2,9,5,112844,1048576,/home/tejas_patel/NTL/zippedMalware/deb9050a-c2b4-11e6-b63e-80e65024849a.file
deea8ce8-9b65-11e6-ab7c-80e65024849a.file,0,0,0,0,0,184320,0,7,3,4,0,1048576,/home/tejas_patel/NTL/zippedMalware/deea8ce8-9b65-11e6-ab7c-80e65024849a.file
df273fa8-ca8e-11e6-856a-80e65024849a.file,0,0,0,0,0,270336,0,7,4,4,0,1048576,/home/tejas_patel/NTL/zippedMalware/df273fa8-ca8e-11e6-856a-80e65024849a.file
df9acd9c-c2b4-11e6-87c5-80e65024849a.file,0,0,0,0,0,210344,0,2,9,5,111188,1048576,/home/tejas_patel/NTL/zippedMalware/df9acd9c-c2b4-11e6-87c5-80e65024849a.file
e00f2b80-ca8e-11e6-b68e-80e65024849a.file,0,0,0,0,0,88872,0,2,4,4,0,1048576,/home/tejas_patel/NTL/zippedMalware/e00f2b80-ca8e-11e6-b68e-80e65024849a.file
e028a2ae-7e6b-11e7-8e96-80e65024849a.file,8912,28,34112,0,0,8192,0,14,4,5,0,1048576,/home/tejas_patel/NTL/zippedMalware/e028a2ae-7e6b-11e7-8e96-80e65024849a.file
e03649fd-c2b4-11e6-b7a3-80e65024849a.file,0,0,0,0,0,181448,0,2,8,5,235008,1048576,/home/tejas_patel/NTL/zippedMalware/e03649fd-c2b4-11e6-b7a3-80e65024849a.file
e088cabd-c2b4-11e6-86d0-80e65024849a.file,0,0,32768,0,0,28672,6,9,5,5,26664,1048576,/home/tejas_patel/NTL/zippedMalware/e088cabd-c2b4-11e6-86d0-80e65024849a.file
e0c6d1eb-7e6b-11e7-ab97-80e65024849a.file,0,0,0,0,0,0,0,2,10,4,286208,1048576,/home/tejas_patel/NTL/zippedMalware/e0c6d1eb-7e6b-11e7-ab97-80e65024849a.file
e17626eb-ca8e-11e6-b496-80e65024849a.file,53248,28,320,0,0,49820,0,14,8,6,180948,1048576,/home/tejas_patel/NTL/zippedMalware/e17626eb-ca8e-11e6-b496-80e65024849a.file
e19b7bee-ab20-11e6-bb4a-80e65024849a.file,0,0,0,0,0,733184,0,2,5,5,0,1048576,/home/tejas_patel/NTL/zippedMalware/e19b7bee-ab20-11e6-bb4a-80e65024849a.file
e1c952ab-7e6b-11e7-819f-80e65024849a.file,0,0,0,0,0,4096,1,6,3,4,2304,1048576,/home/tejas_patel/NTL/zippedMalware/e1c952ab-7e6b-11e7-819f-80e65024849a.file
e1e30ca3-9b65-11e6-b607-80e65024849a.file,254432,84,33120,270192,52,212992,0,14,7,5,26784,1048576,/home/tejas_patel/NTL/zippedMalware/e1e30ca3-9b65-11e6-b607-80e65024849a.file
e310c668-c2b4-11e6-b337-80e65024849a.file,0,0,32768,0,0,28672,6,9,5,5,26664,1048576,/home/tejas_patel/NTL/zippedMalware/e310c668-c2b4-11e6-b337-80e65024849a.file
e3a2e3b5-c040-11e6-9f1d-80e65024849a.file,0,0,33088,0,0,483328,0,12,5,5,99288,1048576,/home/tejas_patel/NTL/zippedMalware/e3a2e3b5-c040-11e6-9f1d-80e65024849a.file
e49f2e4c-9d21-11e6-8deb-80e65024849a.file,0,0,33088,0,0,684032,0,10,5,5,1312,1048576,/home/tejas_patel/NTL/zippedMalware/e49f2e4c-9d21-11e6-8deb-80e65024849a.file
e4d4f042-c040-11e6-b255-80e65024849a.file,0,0,34112,0,0,36864,6,10,6,5,37416,1048576,/home/tejas_patel/NTL/zippedMalware/e4d4f042-c040-11e6-b255-80e65024849a.file
e5eb653a-7e6b-11e7-8882-80e65024849a.file,0,0,0,0,0,127584,1,2,9,4,1479216,2097152,/home/tejas_patel/NTL/zippedMalware/e5eb653a-7e6b-11e7-8882-80e65024849a.file
e60243a3-c040-11e6-90c5-80e65024849a.file,0,0,32768,0,0,103164,6,2,8,5,328380,1048576,/home/tejas_patel/NTL/zippedMalware/e60243a3-c040-11e6-90c5-80e65024849a.file
e60b0635-9a86-11e6-b23e-80e65024849a.file,0,0,34112,0,0,36864,6,10,6,5,3120,1048576,/home/tejas_patel/NTL/zippedMalware/e60b0635-9a86-11e6-b23e-80e65024849a.file
e6293c7a-c2b4-11e6-b79c-80e65024849a.file,0,0,33088,0,0,0,0,12,3,5,24556,1048576,/home/tejas_patel/NTL/zippedMalware/e6293c7a-c2b4-11e6-b79c-80e65024849a.file
e670a175-99fa-11e6-9d11-80e65024849a.file,0,0,0,0,0,73744,0,2,4,4,0,1048576,/home/tejas_patel/NTL/zippedMalware/e670a175-99fa-11e6-9d11-80e65024849a.file
e6e99f9c-c040-11e6-842b-80e65024849a.file,0,0,32768,0,0,28672,6,9,5,5,26664,1048576,/home/tejas_patel/NTL/zippedMalware/e6e99f9c-c040-11e6-842b-80e65024849a.file
e6f44ac5-ca1a-11e6-890a-80e65024849a.file,0,0,33088,0,0,28672,0,10,5,5,27960,1048576,/home/tejas_patel/NTL/zippedMalware/e6f44ac5-ca1a-11e6-890a-80e65024849a.file
e7236428-99fa-11e6-b38f-80e65024849a.file,373120,56,32832,0,0,372736,0,12,5,5,3680,1048576,/home/tejas_patel/NTL/zippedMalware/e7236428-99fa-11e6-b38f-80e65024849a.file
e8454db0-9d21-11e6-8077-80e65024849a.file,4256,28,49472,0,0,40960,6,11,5,6,1146060,262144,/home/tejas_patel/NTL/zippedMalware/e8454db0-9d21-11e6-8077-80e65024849a.file
e8964bf3-99fa-11e6-919e-80e65024849a.file,2273268,28,34112,0,0,8192,0,6,3,4,102940,1048576,/home/tejas_patel/NTL/zippedMalware/e8964bf3-99fa-11e6-919e-80e65024849a.file
e8e37535-4ee1-11e7-ac9c-80e65024849a.file,0,0,33024,0,0,0,0,10,3,4,154992,1048576,/home/tejas_patel/NTL/zippedMalware/e8e37535-4ee1-11e7-ac9c-80e65024849a.file
e8e456b3-ca1a-11e6-9357-80e65024849a.file,0,0,0,2035712,94,2017840,0,2,11,5,1582592,1048576,/home/tejas_patel/NTL/zippedMalware/e8e456b3-ca1a-11e6-9357-80e65024849a.file
e9ea2254-c2b4-11e6-8537-80e65024849a.file,0,0,33088,0,0,12288,0,9,4,5,0,1048576,/home/tejas_patel/NTL/zippedMalware/e9ea2254-c2b4-11e6-8537-80e65024849a.file
ea1417f3-99fa-11e6-9e1a-80e65024849a.file,118784,28,320,0,0,111472,0,14,9,6,44376,1048576,/home/tejas_patel/NTL/zippedMalware/ea1417f3-99fa-11e6-9e1a-80e65024849a.file
ea3aae3a-9a86-11e6-a82e-80e65024849a.file,0,0,0,0,0,0,0,2,3,4,28016,1048576,/home/tejas_patel/NTL/zippedMalware/ea3aae3a-9a86-11e6-a82e-80e65024849a.file
eaf411ae-99fa-11e6-87a6-80e65024849a.file,0,0,33088,0,0,360448,0,10,5,5,16064,1048576,/home/tejas_patel/NTL/zippedMalware/eaf411ae-99fa-11e6-87a6-80e65024849a.file
eb79876e-ca1a-11e6-9c61-80e65024849a.file,0,0,33024,0,0,12288,0,10,4,5,195128,1048576,/home/tejas_patel/NTL/zippedMalware/eb79876e-ca1a-11e6-9c61-80e65024849a.file
eb7fc48c-7f42-11e7-a404-80e65024849a.file,0,0,64,0,0,0,0,11,6,4,1336,1048576,/home/tejas_patel/NTL/zippedMalware/eb7fc48c-7f42-11e7-a404-80e65024849a.file
eb86b2f5-99fa-11e6-8adf-80e65024849a.file,0,0,34112,0,0,36864,6,10,6,5,3024,1048576,/home/tejas_patel/NTL/zippedMalware/eb86b2f5-99fa-11e6-8adf-80e65024849a.file
ebf59991-564b-11e7-ad1f-80e65024849a.file,0,0,0,0,0,0,0,2,7,1,7832,1048576,/home/tejas_patel/NTL/zippedMalware/ebf59991-564b-11e7-ad1f-80e65024849a.file
ec2cb9d7-9d21-11e6-8e43-80e65024849a.file,0,0,32768,0,0,28672,6,9,5,5,26664,1048576,/home/tejas_patel/NTL/zippedMalware/ec2cb9d7-9d21-11e6-8e43-80e65024849a.file
ec4164d1-ca1a-11e6-b91c-80e65024849a.file,0,0,0,0,0,270336,0,7,4,4,0,1048576,/home/tejas_patel/NTL/zippedMalware/ec4164d1-ca1a-11e6-b91c-80e65024849a.file
ec54c4c2-c2b4-11e6-bf7e-80e65024849a.file,0,0,33088,0,0,90112,0,10,5,5,49180,1048576,/home/tejas_patel/NTL/zippedMalware/ec54c4c2-c2b4-11e6-bf7e-80e65024849a.file
ec65e757-99fa-11e6-ace0-80e65024849a.file,0,0,34112,0,0,36864,6,10,6,5,3024,1048576,/home/tejas_patel/NTL/zippedMalware/ec65e757-99fa-11e6-ace0-80e65024849a.file
ed226afd-ca1a-11e6-892a-80e65024849a.file,0,0,0,0,0,88872,0,2,4,4,0,1048576,/home/tejas_patel/NTL/zippedMalware/ed226afd-ca1a-11e6-892a-80e65024849a.file
ed3f658c-99fa-11e6-ab08-80e65024849a.file,0,0,0,0,0,0,0,2,3,4,28016,1048576,/home/tejas_patel/NTL/zippedMalware/ed3f658c-99fa-11e6-ab08-80e65024849a.file
ee02b5b3-ca1a-11e6-8ec5-80e65024849a.file,53248,28,320,0,0,49820,0,14,8,6,180948,1048576,/home/tejas_patel/NTL/zippedMalware/ee02b5b3-ca1a-11e6-8ec5-80e65024849a.file
ee0d983d-c2b4-11e6-b4d1-80e65024849a.file,0,0,0,0,0,33292,0,2,9,4,0,2097152,/home/tejas_patel/NTL/zippedMalware/ee0d983d-c2b4-11e6-b4d1-80e65024849a.file
ee62f5d4-7f42-11e7-9756-80e65024849a.file,0,0,0,0,0,0,0,2,10,4,286208,1048576,/home/tejas_patel/NTL/zippedMalware/ee62f5d4-7f42-11e7-9756-80e65024849a.file
ee88690a-9d21-11e6-b646-80e65024849a.file,156640,28,33024,175712,51,155648,0,9,4,5,24224,1048576,/home/tejas_patel/NTL/zippedMalware/ee88690a-9d21-11e6-b646-80e65024849a.file
eea890c5-ca1a-11e6-9ab7-80e65024849a.file,718992,28,33088,0,0,716800,0,9,5,5,3098100,1048576,/home/tejas_patel/NTL/zippedMalware/eea890c5-ca1a-11e6-9ab7-80e65024849a.file
eed6eafd-c2b4-11e6-aafc-80e65024849a.file,89600,84,33088,0,0,69632,0,14,6,6,6984,1048576,/home/tejas_patel/NTL/zippedMalware/eed6eafd-c2b4-11e6-aafc-80e65024849a.file
ef728b9e-c2b4-11e6-aa6f-80e65024849a.file,0,0,33088,0,0,344064,0,10,4,5,0,1048576,/home/tejas_patel/NTL/zippedMalware/ef728b9e-c2b4-11e6-aa6f-80e65024849a.file
efb93511-7f42-11e7-b5e4-80e65024849a.file,0,0,0,0,0,4096,1,6,3,4,2304,1048576,/home/tejas_patel/NTL/zippedMalware/efb93511-7f42-11e7-b5e4-80e65024849a.file
f05faf1e-c2b4-11e6-80b5-80e65024849a.file,0,0,64,0,0,0,0,8,6,4,4096,1048576,/home/tejas_patel/NTL/zippedMalware/f05faf1e-c2b4-11e6-80b5-80e65024849a.file
f18fa607-9eb2-11e6-be23-80e65024849a.file,0,0,33792,0,0,28672,6,9,5,5,26664,1048576,/home/tejas_patel/NTL/zippedMalware/f18fa607-9eb2-11e6-be23-80e65024849a.file
f3651b42-564b-11e7-b873-80e65024849a.file,0,0,0,0,0,0,0,5,4,4,12772,1048576,/home/tejas_patel/NTL/zippedMalware/f3651b42-564b-11e7-b873-80e65024849a.file
f3a30bee-7f42-11e7-a04a-80e65024849a.file,0,0,0,0,0,127584,1,2,9,4,1479216,2097152,/home/tejas_patel/NTL/zippedMalware/f3a30bee-7f42-11e7-a04a-80e65024849a.file
f4ba6917-9d21-11e6-bf3e-80e65024849a.file,0,0,33088,0,0,684032,0,10,5,5,1300,1048576,/home/tejas_patel/NTL/zippedMalware/f4ba6917-9d21-11e6-bf3e-80e65024849a.file
f5414391-9eb2-11e6-8c00-80e65024849a.file,0,0,0,0,0,733184,0,2,5,5,0,1048576,/home/tejas_patel/NTL/zippedMalware/f5414391-9eb2-11e6-8c00-80e65024849a.file
f57d0221-9d21-11e6-8b72-80e65024849a.file,0,0,32768,0,0,36864,6,6,5,4,27088,1048576,/home/tejas_patel/NTL/zippedMalware/f57d0221-9d21-11e6-8b72-80e65024849a.file
f65bb480-c2b4-11e6-9215-80e65024849a.file,0,0,0,0,0,88872,0,2,4,4,0,1048576,/home/tejas_patel/NTL/zippedMalware/f65bb480-c2b4-11e6-9215-80e65024849a.file
f713f833-ca1a-11e6-a679-80e65024849a.file,0,0,0,0,0,4096,1,6,3,4,55056,1048576,/home/tejas_patel/NTL/zippedMalware/f713f833-ca1a-11e6-a679-80e65024849a.file
f83aa57d-c2b4-11e6-80bd-80e65024849a.file,53248,28,320,0,0,49820,0,14,8,6,180948,1048576,/home/tejas_patel/NTL/zippedMalware/f83aa57d-c2b4-11e6-80bd-80e65024849a.file
f840498c-4ee1-11e7-9ff5-80e65024849a.file,0,0,33088,0,0,103172,6,2,8,5,157536,1048576,/home/tejas_patel/NTL/zippedMalware/f840498c-4ee1-11e7-9ff5-80e65024849a.file
f874cb6e-564b-11e7-a134-80e65024849a.file,0,0,0,0,0,86016,0,6,4,4,45104,1048576,/home/tejas_patel/NTL/zippedMalware/f874cb6e-564b-11e7-a134-80e65024849a.file
f8e764b8-9eb2-11e6-81ef-80e65024849a.file,0,0,32768,0,0,0,6,2,8,1,9508,1048576,/home/tejas_patel/NTL/zippedMalware/f8e764b8-9eb2-11e6-81ef-80e65024849a.file
f99db214-9d21-11e6-b0da-80e65024849a.file,0,0,4160,0,0,180736,1,2,14,5,19864,2097152,/home/tejas_patel/NTL/zippedMalware/f99db214-9d21-11e6-b0da-80e65024849a.file
fa10b9b0-564b-11e7-964d-80e65024849a.file,601024,28,32832,0,0,585728,0,12,5,5,132296,4194304,/home/tejas_patel/NTL/zippedMalware/fa10b9b0-564b-11e7-964d-80e65024849a.file
face5521-a99f-11e7-90c1-80e65024849a.file,0,0,33024,0,0,49152,0,12,4,5,3120,1048576,/home/tejas_patel/NTL/zippedMalware/face5521-a99f-11e7-90c1-80e65024849a.file
fb179068-564b-11e7-91a8-80e65024849a.file,0,0,32768,0,0,28672,6,6,5,4,4928,1048576,/home/tejas_patel/NTL/zippedMalware/fb179068-564b-11e7-91a8-80e65024849a.file
fb53aca8-9d21-11e6-8532-80e65024849a.file,0,0,0,0,0,73748,0,2,4,4,0,1048576,/home/tejas_patel/NTL/zippedMalware/fb53aca8-9d21-11e6-8532-80e65024849a.file
fb7ac185-a99f-11e7-8afb-80e65024849a.file,0,0,33024,0,0,46044,0,12,4,5,3120,1048576,/home/tejas_patel/NTL/zippedMalware/fb7ac185-a99f-11e7-8afb-80e65024849a.file
fbe48345-9eb2-11e6-a5e6-80e65024849a.file,0,0,32768,0,0,28672,6,9,5,5,26664,1048576,/home/tejas_patel/NTL/zippedMalware/fbe48345-9eb2-11e6-a5e6-80e65024849a.file
fc709311-9d21-11e6-9136-80e65024849a.file,131072,28,320,0,0,120432,0,11,8,5,940,1048576,/home/tejas_patel/NTL/zippedMalware/fc709311-9d21-11e6-9136-80e65024849a.file
fd867511-9d21-11e6-a3ad-80e65024849a.file,0,0,32768,0,0,28672,6,6,5,4,17520,1048576,/home/tejas_patel/NTL/zippedMalware/fd867511-9d21-11e6-a3ad-80e65024849a.file
fdf00bfd-ca1a-11e6-b76d-80e65024849a.file,297232,112,33088,0,0,229376,0,14,6,6,480,1048576,/home/tejas_patel/NTL/zippedMalware/fdf00bfd-ca1a-11e6-b76d-80e65024849a.file
fe1785d4-9d21-11e6-a5a6-80e65024849a.file,0,0,34112,0,0,8192,0,48,3,4,2064,1048576,/home/tejas_patel/NTL/zippedMalware/fe1785d4-9d21-11e6-a5a6-80e65024849a.file
feb9e697-9d21-11e6-92c0-80e65024849a.file,0,0,32768,0,0,28672,6,6,5,4,14208,1048576,/home/tejas_patel/NTL/zippedMalware/feb9e697-9d21-11e6-92c0-80e65024849a.file
ff02a0e8-564c-11e7-8b30-80e65024849a.file,0,0,32768,0,0,28672,6,9,5,5,26664,1048576,/home/tejas_patel/NTL/zippedMalware/ff02a0e8-564c-11e7-8b30-80e65024849a.file
ff30958f-ca1a-11e6-a2e2-80e65024849a.file,0,0,0,0,0,20480,0,6,5,4,33264,1048576,/home/tejas_patel/NTL/zippedMalware/ff30958f-ca1a-11e6-a2e2-80e65024849a.file
ff4fb6e8-a99f-11e7-8eae-80e65024849a.file,0,0,32832,0,0,102400,0,10,5,5,92816,1048576,/home/tejas_patel/NTL/zippedMalware/ff4fb6e8-a99f-11e7-8eae-80e65024849a.file
wildfire-test-pe-file.exe,0,0,33088,0,0,40960,4222,10,4,5,0,1048576,/home/tejas_patel/NTL/wildfire-test-pe-file.exe
